{"version":275,"hash":{"type":"Buffer","data":"tiikZVEnX/nO1Y1QzSqplooGicv3c8AQtBaB4kI/z8/7dno0YHqNlGCDEaIFp9z94ODBThEgeNqI4STave4G+t2ngPuWoyWNOrYLj3gczDcqtSLPPFin0AVa5kJz+qQEZzxlC2LjTUmPij3f/XTVlf+sPj02XJKwHOogrq8jCwo="},"indexValueMap":{"AmSkN9wMHXTQEbZF/dObhYDwyJdXAr1wnjQIJA3D1Ec=":{"valueMac":{"type":"Buffer","data":"q8Ei0OZxZvAG3K3C0QVe1P6aDKujNtHfcGY3lZoZmW4="}},"AqG3pCEcIT44xJSpjMIlvhZL1sjPKrJAKAUFp2Hp1x4=":{"valueMac":{"type":"Buffer","data":"Up4oI5nMT2b3Kj88ospYDZE5W1KqKewrtfx9Jz5WiIQ="}},"Aqq2Ejnfb8J4tQyF/2fTqBybIV6A5xeO4HDQeUhGwho=":{"valueMac":{"type":"Buffer","data":"hcbJlKDL8gpDWpzapqPIvm8sX0icYA3Zc/hs3Spxa1o="}},"A6Mvu8dHw9Kt5WoAXozi1Ibe5esYOPaRQ1X3xHndS3M=":{"valueMac":{"type":"Buffer","data":"VqsJQI5LOY2PiMZiCL1gUe3RrywSbRgGiLmOjQuhuD0="}},"BRx4AIAhDe+8BCxjDW50lzrhnjyFCKYX7Ta00vZXGwc=":{"valueMac":{"type":"Buffer","data":"sysvzcYbpmN8qd56zLTCgikLwi+NkAdcJhbHsQBPDmQ="}},"BevjCAcUhjqANgNJlsRTGPXvyMwaGD15+oAEP6S/gA4=":{"valueMac":{"type":"Buffer","data":"4DPAt1HmvG52EobpDkjIZk3+SFYe17AqbfiZNcsGSgI="}},"Bf8M65bLF9CwAbfTsJTxt6DAog/LlmDsnvdFMQB73po=":{"valueMac":{"type":"Buffer","data":"IGoZ0G/CIsOHXyCs8421QtePjsJqoLR5ZESiR/gqRUc="}},"BhQ6STHNB2sGBizJSrNlsEoo7nTh4RopeO+12Gbszw4=":{"valueMac":{"type":"Buffer","data":"miczVCilKMUEM3udK+cKrWWQskAYI2UCDsCz1+ruOrE="}},"Bx2mXhSt5x8A9TbNPx16L2UtFaGlmOLdRPSYg4GisXc=":{"valueMac":{"type":"Buffer","data":"SmkKemDF7kj3AZ7j34c/GRPuUDEZkRtjnQ6iUS2LajY="}},"B/oeEaZasLk2SARD7bEOGby4/8jNdELilmqGIdWun0o=":{"valueMac":{"type":"Buffer","data":"9h6QIrKPEkd6WS7eWinpvtXIOGNyd0nHTI4Y12KCxeM="}},"CBCJR56ngsth615kZkdKISi1/XjqqBiTz/C5M7zSUFo=":{"valueMac":{"type":"Buffer","data":"Ed5m+cHmlvu1c/89Kz7I9o7tthl/1Q7sW/HWT5OGruE="}},"CSS+ZUu7w96TTWCUzhKCfOk4akd4xy7n4AD1JyecSWI=":{"valueMac":{"type":"Buffer","data":"hMohWGgdoylYfLmFnrQwIiiyVKjpwTiT0FHCtfrgzFk="}},"CuR7CsjvBOGGlXtXhe7jRhsulTN1d9F5rFdf9rSac9c=":{"valueMac":{"type":"Buffer","data":"J6Sbaj7bm7NRFpXhZdsuBqj1608hHvDlMA/TLbMJHGQ="}},"DLe87frzWtOB+AMTqksbCiDwcNEe2lxvRbpW6wejPWM=":{"valueMac":{"type":"Buffer","data":"o5bzWmhqsDSdZuuaMnarPhbjGcm2zbkTIULs8l9/Kzc="}},"DdRkdYwRE3/dGfY8jeVvGyx3o4tbx8C+ThFMUQh04Wo=":{"valueMac":{"type":"Buffer","data":"Zm7kKK4UAvWRZguMfpuc/x9gpKfmw/GqsQqrL3f/V9I="}},"EPAyraGRFEiiesUGIC9bKc9zaAkaPkY7Y1HKCkhd09s=":{"valueMac":{"type":"Buffer","data":"0XVakh1/gKUH0rsOqPtOdBSjZCofY0OH06c+ck5YhFE="}},"FPID8mfN2jXo7c4gRu94hKAt8GwJyUHeh/zvTYHHrOI=":{"valueMac":{"type":"Buffer","data":"E2KHdOJ1zezNSwr0p+kIuu2wEJgbFx8oWqy2l8YgkQs="}},"Fn5KJhWxDKgKFM45qu6DqeGFvQ/oVI4IdW/yb8RSJAs=":{"valueMac":{"type":"Buffer","data":"7Lr2ESNtTK2ZMz97kCetEtZ1ZcjDE6AtodSFdHPFT3g="}},"Fv8LlYSCYiiLsl07mqcowobEcqOrRIxnMELTpUWOlwU=":{"valueMac":{"type":"Buffer","data":"woeYwVmml1W8eVjnhYo9I5KE+9m0HutWH3K7N+8ydzU="}},"GEyIhAyK74o+JOSI719sRIwvnlwPJiJCS8fdgWmR5ao=":{"valueMac":{"type":"Buffer","data":"d9bE23XNL8BDzBBxfEvt2RoKTQNoJGrfNExrbq09e5M="}},"GU+S+V6nlXXJDMsmBaWpVTEfNuirtLhQX72gCCvkeFg=":{"valueMac":{"type":"Buffer","data":"+kBWm7h0/LzYSxx/nYnDMiqcerfEl8fYKaNWJ7KtWSQ="}},"GZUivNlL3Wki0dLiL7pgovIGAEq71ay7tlynwHw6ibo=":{"valueMac":{"type":"Buffer","data":"uu9vIfpWG7qmitTJ/wHYZsUbH/EGPEzGzvxJRPo/g2E="}},"HVwdY0SUO3Q7gNomQjwI7YGMbiuFGSesfpeRknglkQ8=":{"valueMac":{"type":"Buffer","data":"fN+fKVS5H5nhOlvqyO8cd7mIjA3mHj7unrl1FgtebqM="}},"HhsfpMbus4lFVXB8ogWVMfs5Rw2LoPxN0Y3BH+sXzZ8=":{"valueMac":{"type":"Buffer","data":"5h8Mm5259EW3LxWLjVmbkc/9BAMc1b/IE1mHmh/A1SQ="}},"HlroAm0wjClTvX2pGPePrGMROY+LlI/IqNgtd2/+Lc0=":{"valueMac":{"type":"Buffer","data":"dhQ1xOqOEiQ1SP7Cx4xKwkg4krAh9kcUs6oiDrvygNc="}},"H2bBnKECdTc8+zsO4glXiGV73j9k1tniFj8XodwCy2g=":{"valueMac":{"type":"Buffer","data":"MyXN0OC7AcJ1EkQylQp4nldOUefkmuOYfKBnMIN2ZT4="}},"H31VkS6Jvn2HMvvHer0d0PgaLXTwRvSS2xsRbfrwx6c=":{"valueMac":{"type":"Buffer","data":"aTlWdPp4PKOlhrr5pdEMheJ+IiN2BF0tqfcyu7QxM0g="}},"H/bjhSbPf9qcDDOtqNopBL/CAN6kO9mAPpzl7YAyegs=":{"valueMac":{"type":"Buffer","data":"Jxpzkzpwg/E02o5HAVortNntsDT04Qow+bhov1xuOE0="}},"Im3mtdxwy3itq61KrxlbfX24eaGrj0IZaoMpdY453g8=":{"valueMac":{"type":"Buffer","data":"NkoDBWc1CBCHeqZz5kqw3tqwTbHy5GwfUSDDFVDBSWU="}},"JHENBRwQeTC2dNeeQM1ylQ1cgVK9RmfxYi+FtWemxgg=":{"valueMac":{"type":"Buffer","data":"9/CFZM1tAMNANtGe4xg4YIJf4COiGaxK1hM0y3Ai0Ms="}},"J4mK489N5M4uCnPq9i7l+e2uoIAnRMqp646SJ5glbdU=":{"valueMac":{"type":"Buffer","data":"3mEOqAELfHjIQs1o8hvjqa854ILj4Wvbl22eNe/xn4s="}},"KHepQRtyZB++ylCigCMG/+C2vc5k2XWHgek5llEWLTI=":{"valueMac":{"type":"Buffer","data":"aVxkD1U8xP7I1khTnJpJnjkfNGMyJtjvLlMXbSNlWh8="}},"LXUuI8Qq9SrlqoPcMiainQm2ZmExZUfAtq1Nsw5pacY=":{"valueMac":{"type":"Buffer","data":"zP99TfBVsCgIzI+xltQZniA15KEBkjGdUGQcNy1y8Kg="}},"LhUOQmHJiUkJBZHON2ewcw+uuNI5HoZvN8qFuEyQVhc=":{"valueMac":{"type":"Buffer","data":"fF4Qk4NBHQ1kpAHZ1AtBPkHFKNbMde1W46D19OcJ4VM="}},"Lx/wINS++6KBFBmFZvCYZiFVkWwyLTrN8m+AJyOnCMw=":{"valueMac":{"type":"Buffer","data":"zr6b+T4dDgLLGzbpVl/FH56X7+wveXP1BslirLVMcQ0="}},"Lzy9UeTO8L1utCmT+DEkESmdtw1dwKewGs2txPLrZic=":{"valueMac":{"type":"Buffer","data":"JP0mRuz8je6zbGKyPrfWKf+yAQaPCCegkw1YiBsyBQ8="}},"L3O3T4JLdj1fZgPhmY0lx8FOE6g6/2oQ5FHkcbFMaOU=":{"valueMac":{"type":"Buffer","data":"drqevlVtuwR+d2Ifx2tWpqz1fFpdUJuwGRMsVPi4NAI="}},"MDkLKIog2VW9wSPpzafs+1j3sn7KzxQxvQbDQOvHHX8=":{"valueMac":{"type":"Buffer","data":"IHmHXOwF/1SJZr1BP5Vcrz7BfdJFY7gn3tnK6ltM1C8="}},"MPJFaSKaV3ip8rC/Y1nvCyw+A+kVRNbqfeM6PydqLFM=":{"valueMac":{"type":"Buffer","data":"7NLDAsrIyqq2kwCldZVMtb7JyM3EKRSesPRBhWxjsKI="}},"NDdjf43vnuiG7XkduTwTnfB/qzPX5Ay56IQwGuG/wQE=":{"valueMac":{"type":"Buffer","data":"IbtZf3TqP4Kb9Ahzu8pd9JFzS2FCHP3lwAx7bfMto8g="}},"NHAc6gYpXWFrPg9al3x41oT1Aw+V+C3DeI92iWmkhKA=":{"valueMac":{"type":"Buffer","data":"AOlivyl/vFj9liH3iGOROpiD6wGeLwbXuI06OryvNus="}},"NPkDS0MEVvgBtZiFMTiAEQiV1L/cKuAsYE3lP7Oza5Q=":{"valueMac":{"type":"Buffer","data":"gKyC+P42rlXQVBIOE+sHxXsRArJv0hC3UN12f0F6iIc="}},"NULMf8rcjVfpkWwxpcYiv4r9yw6fDQgqxlfHRWgHgXI=":{"valueMac":{"type":"Buffer","data":"SU47aWblyxJcDwX6E/j0qLM+R9qCErEt4Vmw5ZN7Rmc="}},"NcvcjHp2CZg+kbuUzQQQvBMTyfaNRQzIkPDk7o5VNZ8=":{"valueMac":{"type":"Buffer","data":"V+q2b08oHP50zt2dJ7fmDPw5IezjOX9tHmeQWI2XxG0="}},"NeAGyT/RuXiI/EtqP56XIUQhtt5d5jl4mrn2FDt2l2A=":{"valueMac":{"type":"Buffer","data":"wPiDIP/k58UZNOaORWUpFOIWLZUKdd103Bv8piTtTpg="}},"Njz13UoZu7ile/wlkRX7yKGj1VGmAluc29LvhToZJ2Q=":{"valueMac":{"type":"Buffer","data":"HSHdOjVJOspDd4CuwOftgF8k9OZqXi7cTLY3PJwrDc8="}},"OqIOXjgT/y0+n8fEvzE9wQcrXIBrXNCEqSieUiX3RnY=":{"valueMac":{"type":"Buffer","data":"1ISGRQJrFaWjNm+ZzTI1PlEQbXCy8aK9lEVlqDGS6zY="}},"Pq2k5N0JYYWnQyTf/lLWYvhdGiYUyL+F6FKkKPtrvEs=":{"valueMac":{"type":"Buffer","data":"R3ZdCoxCLQc0n2lu4XHaNMWkuV1QWEUCEvzG7yf/KOk="}},"QI2esZYh5KBKP0SEx/QyAenytayT71GXusGu3Hod+ys=":{"valueMac":{"type":"Buffer","data":"Li0SigEx/h9lVqoTqoSI/Qk7BfqXIcC1wFJNw8yoLA8="}},"QOFGfr+y8DgBOUFLSqCmpy3X7TauHygWVQKg+YJG3So=":{"valueMac":{"type":"Buffer","data":"YrSK7BJ4fE4MNesrSpL+XsZ8fIOE3gHZ27JNoFTGnJc="}},"Qjz1J/QEpchlvhzuvYsQ0lQHdZbsac3ebalPv7YGO40=":{"valueMac":{"type":"Buffer","data":"pIA+YcIw18N7OKI2hASRhEwmLGTxzkPObshHfunuGkw="}},"QoDHTb1Or0jTrD1eG0SMBejU5Ew+pt34qC2tGGlARQU=":{"valueMac":{"type":"Buffer","data":"+VrSRIN+M1FtdpagvSOetl0bxVNlKxaSl4k8LozA0+8="}},"QpXtRYC1DTwejt1tTrthBdWuek6Jce7e8a8TG0aotOE=":{"valueMac":{"type":"Buffer","data":"/HPhhBUO6UGi9yGYYrrPfh+yCTWswRbn4Q6yMGRC+aw="}},"Q2zHnDiWAtQbUBiGxv0XePlaSmVmfeAu7OAKj4aKmtQ=":{"valueMac":{"type":"Buffer","data":"h6KZc4+cbKY1/ATYyT+eHzf29vS1BRW7vI46KHp/S88="}},"Q8hlpy0wMKN+qRJU7EwabUB342Jyl6pL7Qo3qMaq/Zw=":{"valueMac":{"type":"Buffer","data":"PfYqcI76RjR4b31VCis1EQXg2K89ma15gFowKiuEGbw="}},"RQV5Dls3iSYV1ermt6HSEZ1m+JiWUpEZfGnkUB247so=":{"valueMac":{"type":"Buffer","data":"s2Xd31NuUDQadvyrNhDJEhOu1hdJIl1QIlJpKOCh9M8="}},"RR0FdIUFBQCn7KTU9EItBEUfrx/Ria/7CUfcv2Si5Mg=":{"valueMac":{"type":"Buffer","data":"T9X5XMXkO7h0Jj6C6Sf2GtBmNTIZ6VEMCaxUict6YiI="}},"SICXzYyLwjc8gsHx0n4EltWMNf7+uCBW0n1BI1TGdMc=":{"valueMac":{"type":"Buffer","data":"jrqGoioBCyiWh8kXkGFz9BvgFzc+IFGAjTlsJsk2N1Q="}},"SY/TdDbiuTHDQphiig//v5C7Vj8mZxFSn+AFo0D3t4g=":{"valueMac":{"type":"Buffer","data":"X2TYkJ89/pKvuluoBaH+Wsj7t5jp8+NPpotHuYdqzK8="}},"SuVISmpl9k8YRoDn1kxAGP79BM6Bioi+vmo5gylbdfs=":{"valueMac":{"type":"Buffer","data":"3yOWCRUEQ73pTlxDyOR6w+ofrml0vT9XM2nSf3Q7ZNw="}},"S4NtLpMf9MFNakUM6kcF3vkrdqO9nfgLE6OrV/RcYaM=":{"valueMac":{"type":"Buffer","data":"1q4/PTJ6dWra9/6D4XtP0Rj/61/HvJangD0ty6G+ys4="}},"TLnJnNVJqXHzVhCshhgcxcfVJTut3HQxpwSxQ9honGU=":{"valueMac":{"type":"Buffer","data":"SBxn9ykQoGlWXeukL5CUgOABnj5coWCNBaJ/Y0JCUYE="}},"TV3tkwcLpRi1WWHMMWlcjMyTSxnxXfbVQk2bF1GP53w=":{"valueMac":{"type":"Buffer","data":"9larNyBjcNAWS58SsQc1b1z7OPt9eUJoPV8wcu/X+ws="}},"TWlnNzeMRa4JItAh8IjqU66cMTiYqa0sHZsqDL01ot8=":{"valueMac":{"type":"Buffer","data":"1Rdw+l5tN03BLw56MaKIZ9avv2IaTyqGWEYUZce4VxM="}},"T30rfsM/34SrPu7JGIgwu5ZNZwRk6lZfTi17dl1EoSY=":{"valueMac":{"type":"Buffer","data":"eWJKb86oQe4qjs3cjUQ9kr/G2636ayKOdyRGrflaTGM="}},"T6CfGglAVYlbbYdKSmFnzxxmqpp+UOvzs9RiUGfi72o=":{"valueMac":{"type":"Buffer","data":"Fk08kKgMxEeVcN5MZJpklJd56SjbtUtM1A++hA/N7ws="}},"UMKoFlwwWo1MbjAKtqVvVoyY6fzCqptgPlqziyQ0S0U=":{"valueMac":{"type":"Buffer","data":"YoXqvSrzFfUd+dK1w+JK7/wOm3Ud9ud4jfm4oyPpMXY="}},"UU2G2YtGDNjS2gTl6aItn3j81NWeT93p77bZge7av2E=":{"valueMac":{"type":"Buffer","data":"LbafvEAFhw0iTvG3ZjskiqryRvjIshJhoGfQyIt0/SY="}},"UdVStOstO2RsemftxEn/ecWMb2LADM2cr1RnRbJp9mw=":{"valueMac":{"type":"Buffer","data":"aOuP+nx2xpsOIWbGgsvr9OR9WVJraGa24hyuH1TAQiE="}},"Up9uIFd96fGU3cgLz8eS1haXCWkoUASmVNGBkR12T/w=":{"valueMac":{"type":"Buffer","data":"SBy7/5Mr45zJxJHPbVDT5ZJZPvkGgaEbL+whb2K5InY="}},"UzcYSlAPGRRTxlp1hXF9GxkkvHoSnQtcBS4JEz1vCK8=":{"valueMac":{"type":"Buffer","data":"MNRS2XainbOw90NjgsQmMN5WMGZWvUqBxyYcqqgY1jQ="}},"VqWtfK4kc4DFsebgMAaVYDza5LYpwz2M59n5uan+oC0=":{"valueMac":{"type":"Buffer","data":"faH+fEQByvHNHcEK+XnaClpDn87iuHkos+PJ51MY/zs="}},"VuYylaAphiKTLkY3L1nBYEIicS+xxJkaj0pfGbDw9Fc=":{"valueMac":{"type":"Buffer","data":"gx8J4jOZWIdAEjnNKkFP5ZBK2nnztk5MlNC/wgPPt2o="}},"YqjlnoopdH8pbMzNnG2jn6Gy8x2S6mzAe01JHjpfDx0=":{"valueMac":{"type":"Buffer","data":"EIHIxOryQEWkFD9x+yuc4fVLAtDOrkCVYMO0kDrOJWA="}},"YrVpql1KWCBQnatIfmZ3zL536zWFM+/is21M7LEfhos=":{"valueMac":{"type":"Buffer","data":"VG26jq2hmphy+Bl9y/sNKgBThzwIwxQ/g6hq3jEgJFg="}},"ZSAWEahNZV5A3nyL4CuVbDw/7pHzG17O5hRqV6HeBwI=":{"valueMac":{"type":"Buffer","data":"sqz+uFV27ZIRVY9TO4Qq0YdbmXGdUGGg8buQiV84y4k="}},"ZTFy9FoZawHW7lNz+MfVBhymBM0HCa2qOYq3OFiRYg0=":{"valueMac":{"type":"Buffer","data":"i1jk1tQarTStLe8R8FuROyARWHgzcNiEhqeGw+hm5/E="}},"ZjSb9o2Dj2j3PdKoWPFv7kEmvLIyj+inwmdDbD/ToDA=":{"valueMac":{"type":"Buffer","data":"YBKYLJXvmPtsIqt8UxChYnDaA7JjWkoGl5nPHoiXuGs="}},"Z9G0bTt05VCKbRSiS4V64MYziEATQnrd1fXGdkaUtFM=":{"valueMac":{"type":"Buffer","data":"TnUyibc3s+BACM00GZD0NB0Ebxx38m53XM7cpJCX10E="}},"aHPbDWZjtALXELfQJScYxpalBQXm46ar50nU0ZHEW+0=":{"valueMac":{"type":"Buffer","data":"qPwVMvVI90iMJNba9z164OdGUzff/qzQPmZBAPA6tB8="}},"aXEPxxgVcWp04OCzNPFQ2nmT7NrBiKf9diHqqDeINwU=":{"valueMac":{"type":"Buffer","data":"v2ZjefCMbfnbawkopfIzxO3nete5pB6BxE9H0kUB1p4="}},"aYIdppRJ30vquRZEkN+IozXbnhiq33Ya8aPWPCLx928=":{"valueMac":{"type":"Buffer","data":"qNH94OBEc+xLId83vqugLsWdpwQbbztWQ6H8LaRDr0Y="}},"agFO6qHbBg15hrmZIP1m3XxhbA/Xu1qi6ttHhKXFMtw=":{"valueMac":{"type":"Buffer","data":"YhTgFqaxWjlDDs7dH/HWqETPC5AhmsL8BG7V1LL2Ah4="}},"aiEG/+Hdj58HSOksmuhOjydZCAMmiX/XuRJpCtKlmyY=":{"valueMac":{"type":"Buffer","data":"JohraJLhVvr6p4S5WaPL5IVwj+8ZjSU4LnQ/1Ortnn0="}},"bz68qcdFnQFDeGV+BITyt4FP+fF7SITaeRgd0CcO6S8=":{"valueMac":{"type":"Buffer","data":"BKbP5O5FprgCz/O4iiZMsOnjFG8NPJQlrCQuW9mu2xA="}},"dOI2nrYjSfKG6xeYRnSWxpD6BQEGds3hdeStHZM5NUA=":{"valueMac":{"type":"Buffer","data":"X1uIkJTEaeeeBpq0Zg3Lx+GO/2LqQuKrSIHEA/gOQ6Q="}},"dP5/z8qsyrdQkAobyFLgUPHcb2YncQ1gMK1D0BYQd00=":{"valueMac":{"type":"Buffer","data":"RZ6Z5gWHoluizi4CIiuBadiJ8BRJX0su3tfxXgIf5XA="}},"dkSV2OM/gtCouD2iMgUQHK8EwJPUwL+SpnNEOhTojBc=":{"valueMac":{"type":"Buffer","data":"hH6in0z2NN1K0Yfrwmj2tpt/+Xoa3RYq8G/ZMxpBZT4="}},"dxnWh4NyzehjYFTTbbGEOP1SAGu5OnONbbL0URGPQqY=":{"valueMac":{"type":"Buffer","data":"wllDxEhcR9LuxQyTd77CVDDt1HBFJE5ocNkiVIgAADs="}},"d6SjP8TspNBwFlWhxHkRCjw2iyn9SLE0y8AiKbBGwZ0=":{"valueMac":{"type":"Buffer","data":"YofKjZ0+uNxy52R2g1v5yK6z4RAoDEgfQ/0WkJurHVI="}},"ec/uuXhWhRBZAughH+pBEy3k0oW0gi0yDVb2Spxvv8Q=":{"valueMac":{"type":"Buffer","data":"YCiFYfOxIp6lJFB95dxT0ogTJFaerYkfhf39w1qztUw="}},"eyFv4FFNgWm49v82NtzreLMFQ1sEZ7R87sDeC7SJmMk=":{"valueMac":{"type":"Buffer","data":"WRvMXsZThZWeewbKXu7Fkrm0LLEle6yS4MGCx0chfLA="}},"e7XYyY9JypViBazGatNYu+viv1EtR/f8k5ivdMPmRYY=":{"valueMac":{"type":"Buffer","data":"LbyouTO58X3Wg1kKtrIqqUOm7D0bgkj2adKqZyqk7y4="}},"fBAdq93PRRQ9iDPS1b1oTVj2ANS9nWwB+jQVSMLQ3mE=":{"valueMac":{"type":"Buffer","data":"6jNqKx74B9GXLmzEsirpaBunPWSr8g5HxKKMkXx2lOg="}},"fteM/Yqryb6+499sm2Hih6uhon4Tw1NAl6keB7TAHlY=":{"valueMac":{"type":"Buffer","data":"kM55AYn1g5VG8F/JqDub0d7HtSBzx7z3HQN6mVWRI40="}},"fv7r74HSQ+9dE6Wl1yTASFsRUjgb/kWsTx10PCYzW8s=":{"valueMac":{"type":"Buffer","data":"rjDiHtwg/M6ObTO1HXo8741uhJfL3ybLYhI/tclYcLM="}},"f9BB/9rCGckVXBhorF5U73xVgv3fYEQeG2nz0fEsO6k=":{"valueMac":{"type":"Buffer","data":"d+FCDlkA1jmRpWgDtELaFztLa7sVEMOi9HrW3U1wVM8="}},"hbz25eaaOJFjs9dpaUTWZDc08g95PBmcqT4MNQHnLqw=":{"valueMac":{"type":"Buffer","data":"EOjJrBrBasSjllrzlgPBN6x+GYeKvbGAuwNrsGVQEe8="}},"h1P7HUBBNlYUEkpravZPmpH++xyJ8revJZndWLyk1/U=":{"valueMac":{"type":"Buffer","data":"LDA0Sx+gIo6T4PrWxJR7/QF/BFNOTaAMSfnoubR/3Z0="}},"iFbEZ2xP3kPCh5O6NW6bYCxLvpFR785PxrfBglQ93ME=":{"valueMac":{"type":"Buffer","data":"XCHLJmTOOkyh3GbQD1wStvpXy/myLu6SyDpKYG3s0cs="}},"iF1SD+Jfk6x5No6nTqv1stKTtGFzF1xiEBxj9965yPE=":{"valueMac":{"type":"Buffer","data":"hmRFhEigSEqq2Tl8m/Vk2yYWQeKWdoIZGy0fqNU9RMQ="}},"iZz+DVNDO765yzqfYWsno8mKCNR18BLet0+uIOE0css=":{"valueMac":{"type":"Buffer","data":"54bPSSGHwNxYHrpo6Rx+i85fRLDC7HQ6fK7KNh188Yw="}},"jXgQidzfsb5uSzhKC90+X3dNT26pUZnOS2hZ7btPf0Y=":{"valueMac":{"type":"Buffer","data":"A8p4qS7Je3tDIin/oi3nEKjSR2dzXsh017jKpxosWEs="}},"jbcLX0GR87EMVf+SVCSq24Us5XoMxF7FARU0pOtDij0=":{"valueMac":{"type":"Buffer","data":"L9Itl06MYb+L4sNTbEgidAstSdPg7oDXQe1PImHomDc="}},"jqTmdK0tNUzikj4jgaTruSAimE0seLdXLRhEUXGNpJs=":{"valueMac":{"type":"Buffer","data":"XBiF2hKVP/Kf6EhRWJ2kUu5r9yBrXKNdP4J5IPxhwSY="}},"juCBuYimicFN2bCICEavZrgYqme2sXjBkRF3Wl9Co64=":{"valueMac":{"type":"Buffer","data":"+qoYRtFiHMNCMs3NyjCN8+IH63R5J76Ep//NS82i9VQ="}},"j2KqrII5Gcuw12jQNLb/U9nLZNeSad9kJZLRBfPMs5g=":{"valueMac":{"type":"Buffer","data":"gE18WGyWNICeonHsnGEsOdXbR5bD+glpahWdwPHuuQw="}},"j7NojT/diUMqlrUJ+SIok6Pk9Pfm5Tp1QFLN0hFW6sQ=":{"valueMac":{"type":"Buffer","data":"JMl5sW/sEcrgUzHGZsGSBFRJme9jHfAozl2NNTm4ODc="}},"kmpawa5x0b7QFfDPzy44N0Kkijc0aVzCrsD0m2Zp01I=":{"valueMac":{"type":"Buffer","data":"JhZ46A/duOs4EcJA+JPlU0+79g44EaFFYtdBwGS3K+w="}},"kub8aJpgAi9x9/TNOr1BwTDsL6/ooXwjDi2cjeRFeOI=":{"valueMac":{"type":"Buffer","data":"PCOhGgc2u8RQBOPqnIhO6YaWZaR1BJjoUWU+taSt/3g="}},"kv1orr8fWVsdVuK1me9BxHcNDs1/E8CEpbaqkZ441Cs=":{"valueMac":{"type":"Buffer","data":"0wyJfnl8AQtkZ0dt9I+xHXlLtyxMV0AAFUFRNIGc4Q8="}},"k14HPaN2r8qVzqdHZi9eVYOZyqx3qCgB0hwjnMp3tt4=":{"valueMac":{"type":"Buffer","data":"4mKBevvIphozsQYBSCdb+Zl9DPhzUUiCkgq8nU8r5JA="}},"lXdpoIdsnNvnWg7jt6LueB5JEzXJuXSGmjEkSgI3UQs=":{"valueMac":{"type":"Buffer","data":"bfUmutPnkP3j/YC96QWA6toEW9VVkNs9yWFm16fUhRs="}},"lqZ4kcLi9AfzIhMUKa45lgcUKfV9Y6xfASN6C0WERG8=":{"valueMac":{"type":"Buffer","data":"UHX8LAiyNw5G8jci+33jTiqkg8wZ92yXQF4WHHEeysw="}},"lrjhGbgI0QWpz2oEbY+RyHjhOC7/h+KYUPsmu2/WPjw=":{"valueMac":{"type":"Buffer","data":"/EJsRIyu+kmz76x3g2WQc1e9o3k4LQolFpkqZU56+Fo="}},"ly2yA60JY09yugHKqPtbl7yemFFzJvabuGKLBS8bjog=":{"valueMac":{"type":"Buffer","data":"hFkYLQOABkaO3BdLXzKU7cwQ08PO1NnVkbdcN8rsTVM="}},"mFxgIsnlYBnxJw+fpvd1AlDmSuYybautVBq0Lu0hjBU=":{"valueMac":{"type":"Buffer","data":"mCSmMITKg/xIPwkkOHT7pSDG7ec/lbJOhjqb1TZW7dI="}},"mG38RxaFIb/i51wepTUBo1TAFl4GFdpWGCWN/0dBi8g=":{"valueMac":{"type":"Buffer","data":"C6oMZL6azZPoju+XJZvv+/EImaCZ6khvj8xsnAQWsBA="}},"mYcJqXKJvIOTC1KH2ExvW3763Krs8TlHQKCVXeWf2xg=":{"valueMac":{"type":"Buffer","data":"yY4evFR+CtLiL4t+SPkw6/S0MO0T9txpLDiUtZJDlc0="}},"mhWZ73LBU8IUjIrYmb4JRR8Srr3p3RLVtpWfSEQU3Z8=":{"valueMac":{"type":"Buffer","data":"RY38aKUJgUjmEIS6lNxo13lE1ObPo5Sae4241LNHUcA="}},"m8w+sJlW1wG3jvl+dmDeiAUcwdTdjU1oubTIj9QfjT4=":{"valueMac":{"type":"Buffer","data":"7YdMqVDUnA4X6fWKSCRk30+d55FlmCN+BuCbdrIDFJY="}},"nEpSHycLuV88M1XQ9hv/zaeT8xv4NlD5y0NESaUK0Ko=":{"valueMac":{"type":"Buffer","data":"5A/skqjgmJDiMqMSp2Oho/Qmpr9g1XwHIyDHEWN1sWQ="}},"nHUFAxdnERSNZNP12NDpdIgXKJ0LLdeYlUqzvjurcUI=":{"valueMac":{"type":"Buffer","data":"GYIHjgQEOO6DWima9NBbIbhYFyf4e9CYNQkIwXyt+qQ="}},"nhiaT5rs58R2k7g4FnzqFrm3+BUQ4oTOFjQJCifUXeo=":{"valueMac":{"type":"Buffer","data":"OAubjKWFx4Mv2j2M9QRVJ+kmS/F5S/rAf746/ya5R30="}},"nlD8Iak1EkvE3q5t4YHajxszEZR515mX2UbScCRuM1Q=":{"valueMac":{"type":"Buffer","data":"hnlL0H/Sz74iH0GocYyfNDzRbXbuUNS2MB0S0tCpJWw="}},"noB+1sCJl1z++VloJv9i1h+J75j6IXB/bf7PxKjR+UA=":{"valueMac":{"type":"Buffer","data":"9H7U+so2mYDH2famMwIMoQ69Z0YjBOEq3AQsQTy3ato="}},"oJ/3VojGuMLdBaerGf/EPClOjA8MRFOX14pim8o8uW4=":{"valueMac":{"type":"Buffer","data":"Y1DbVIinZe8rpyOK94cHW9BNFDjlDJBsLnaLDvJ1nMI="}},"oRNPhj/cgsmmpOHihju/psaDbbsJcTlspOwyfvtktj0=":{"valueMac":{"type":"Buffer","data":"JDdGBd3f82VVmCjv/t+/SKw/QPqw0Iuk0vzsrzsARiY="}},"oysRua+P5MUZALuP8KdHke8In8SVsCDW7hbbbAIrNPo=":{"valueMac":{"type":"Buffer","data":"uerTU7q2pmhU8vLdTn7Hb07Nu9xLkRJD79Bz/HOywf4="}},"pCNh29uiiih7tjm+P7mf4mx7H9qhEcWZstAUDBse+Fk=":{"valueMac":{"type":"Buffer","data":"twbBFnIF9DOhLEuFWhekquU/1iKn5lA/G9gsuV1Umtg="}},"pHPiQjYJqdrZJ1+dZNzumtvY8TTbtzv8kxNSnKFU1dE=":{"valueMac":{"type":"Buffer","data":"THsGA571erR+TiFKxwenYLp1A7VBUrcAFIj1rhCKE+I="}},"pVYscK5/MKVqjRYIS8IJ/adP8NxM16oVMiec4/1Ui50=":{"valueMac":{"type":"Buffer","data":"vlPwiUt6rJ23k/RCWZZNM/vVaxE4Y+Cj1kYCk0wT7uQ="}},"pZmtMRwIRIlI1NkPJwObyc1dWpRFTgoWnacfqDrq8KE=":{"valueMac":{"type":"Buffer","data":"lDH840VzUpCSRL6hcrpwk66GqIwnA1CkdC1KHjJ2CRc="}},"pbxUpt0SOHnBB1UVR0f2jh9pfNmy6jocZekshTGB6dI=":{"valueMac":{"type":"Buffer","data":"hx4ZY/Qg5SVI0tC/DQQr1jn1KXcEF/gyVHhKoZDvLLI="}},"pq0rYVz2eyWC/9OqEgEdbZiEHqVbahJqCG1y5KqCcKE=":{"valueMac":{"type":"Buffer","data":"0uyAdPU0eKcNj9B60DRwgtFLhE1jQF6L4OdG9fy1VVU="}},"qypE3ucFd8a5ZaUXxphPP1zrtAZiDabtNAxV/R131Uw=":{"valueMac":{"type":"Buffer","data":"WRKJZYKTm+gfSgEP/dCn8NNb0kD0bREGI4zixPM6Un4="}},"qzDgmRvLA/FkRQ7e+F5GCa/uq0uExCJCRkvZe0096RM=":{"valueMac":{"type":"Buffer","data":"OhuPYYs+n36Uv/S8f1pzbq9gYn+xBnUob6G+IdkZpf8="}},"q5yNJ46bwg9FbCGSasHQD415D58F9AUfnvdxZAFwhN0=":{"valueMac":{"type":"Buffer","data":"ZqYDikESV+oCKTShIsVgzv8HrWUoZG6sidM8hqt/FLM="}},"riW9HOgTQ4D9GKOK1SCQfIvlXhiiOiGzEMgD2SGVcPA=":{"valueMac":{"type":"Buffer","data":"oLI3kuGd/KJv9CbvZT5gaDNuee51w8fskiBuNMhqMGs="}},"rnK/G0k8qJ+9c5kipYi1xGY94eZtp1C+D3FwEk7PBao=":{"valueMac":{"type":"Buffer","data":"JbKCW05UDcSgOh4sygngpNoKX4n/D6JPlXdu3YYRXUc="}},"rwlQIyGQyXW6gaTDwZp92S2r4XZxPWjdY7FVW0oxgM4=":{"valueMac":{"type":"Buffer","data":"ec9nO8+h2PgLaOu2/vNBm/gQ7cNAeHYpLOclzJyJze4="}},"r1V0ZL6LzyOJVQZmWobmPMbGAzcXfoEsxgeMjji7G+8=":{"valueMac":{"type":"Buffer","data":"qQHHDUv9egon52qjPVmpXmel7pzJUauvcynEDj7yM90="}},"r3zzelMRn7X2XGWCaji62AosQWQTqWgrmw6F9sOvAHM=":{"valueMac":{"type":"Buffer","data":"dDwBYPq9OoVghIW59iHsvdyDD/k47CgUBLXy3RBvMqk="}},"sNkNMsK5ZFQeJClhHogHrBp6hEANVjY/5hEa2wDek4s=":{"valueMac":{"type":"Buffer","data":"E3KsyQIQ+OlCvmIvCveh9A0utSO9YZ6/NBaXZE8tZWY="}},"sxRiGwYVgleLlo18084Ih4L6gINTQO1GZCsCy4x9SxI=":{"valueMac":{"type":"Buffer","data":"mFGGG91eoPaVptAKIytIHUmIx6LzWwptrme5ieEvzAw="}},"s149Cn8Ojv1y4WIsBygHqitA03DCs3n57WCL6Dc3JBE=":{"valueMac":{"type":"Buffer","data":"ioOWcxA1/gMoVBSkHLYx3SflMNaxU2ySOC5GIRtk06w="}},"s7yjK7ALzfYv+coQOHzZd3NVfzxhJBlr7V3Jb3ljul4=":{"valueMac":{"type":"Buffer","data":"Zkq/xC/8fbl+yn42SnSsgeOK+HjVgUHDqGZwindoMk8="}},"tu+dVcBxcOz9XI4O7uqNBQ4TvQFvYlPMtaJ3jio3V5k=":{"valueMac":{"type":"Buffer","data":"2JQk7Db7hkvJQbc8VejpioGSOf5JleHJ75tpY35nRFo="}},"uBdSqDv4l5tuvbO8q0HnJZ0ymvlG4db4Ss0KSpZRrBk=":{"valueMac":{"type":"Buffer","data":"q4IUyieFIRzdNHMS4v3MccCMFrO5/hMrrdpgCjvmB60="}},"uH6o+ONK9sqXP1wxAITrJeDT1DFkOvKYYtICOYIWess=":{"valueMac":{"type":"Buffer","data":"bVN/Jloz41h8UyKcl8lsdeCfp9x+K4dEvMZfuRJQtgw="}},"uKZdcyylijSlw+TaoDg88klG8Hcdxc7QI/Bj+YO6rDQ=":{"valueMac":{"type":"Buffer","data":"d1u21994JE+nEmqQX1WhRwhoztzO5CoBLr++b4e9q4w="}},"vU25UP9gdoKFfuIuEEA66Iq9jIozAke/ngQSJrEkQT8=":{"valueMac":{"type":"Buffer","data":"l32yiKmczL8bQz4DUiC+1OeEehUxzZZ37dPuANA8QxM="}},"wHc4Q4VvlNnDq3IRD/G9okoH4wQJBmcpc577GQhGrQE=":{"valueMac":{"type":"Buffer","data":"oHmaIbxybnRb9fnOUZH/x8O7Hf9i64UsIeRlmfScXBk="}},"wXX6nL+S9Ggjn+VmEru9FT391+WmJd9czcJqQ3GTOo4=":{"valueMac":{"type":"Buffer","data":"RgfVpgXqAci+N1NtpT03wzSRIVrI8qKSd9K5bL+Cjeo="}},"wZULwJ6tTUCg+SyUv88tnBnHadH2e3rRB+Az5ubSouQ=":{"valueMac":{"type":"Buffer","data":"6eFcv6Fbsyo5bASbS5QayejTAopp/3envrCU6waHEIM="}},"wkrYjU+eT/LpUEmdjLiV/s1CA59iPnC7zT7FZE/EazE=":{"valueMac":{"type":"Buffer","data":"rseYpeUVG7sbHvgsBzywNpxxz6yEbBx1VP6PxZwgAZk="}},"ww0Ml+JIizeQXnpLt6477NdrtWd+LTkziPhjvnNGjIQ=":{"valueMac":{"type":"Buffer","data":"3ff7qlOu5bVuS9zrl9TktsNf4B/gZ1BE7AR8rfD+2po="}},"xHrxh5kuHWfeIsLM6PFEe47BovgA+XMkKOtmtLSeG8s=":{"valueMac":{"type":"Buffer","data":"fOkjYUdsitflV9e/bceTrQ7cm1WmtC9R7Vwd61bWPsA="}},"xPjOG1Yd6/4Nb12ilw4+RsLpVkEcD428MALuPi5bODY=":{"valueMac":{"type":"Buffer","data":"3e3QzUyO+t66I6x2XwnFT6nsbfQbfNvqXIfIJsM4KOU="}},"xabBlihYEXrsmNsZaLQi/ob/DAil4SMBPefgbXRqkBM=":{"valueMac":{"type":"Buffer","data":"XbPsps6jopbmv85ByP1MCzx35tLT05KNKVFcrz1S96o="}},"xemztt3Nr+idRlRx2ArshSaW0MGueRCrC2gHjNgV0zI=":{"valueMac":{"type":"Buffer","data":"zTAArv8XtTCePymjMgdZyngMeVFLcT5KTtPQCd7u0Lo="}},"xfrSSccTQj4anpr8Gbx6e4Iz6//JEmgHsKSqbzVBXl0=":{"valueMac":{"type":"Buffer","data":"mc0MGzM1zogsn/SkbA/e1HNmdKV9kNFv84C/HUeti1w="}},"x1UbZQ6ke1sKhMPsSCxNsyPWnLXM/6c+IuCjFIY7uWY=":{"valueMac":{"type":"Buffer","data":"dsunzZTf3USPFsh4k0PK15GhnRgHBldC38CDE5Zzelg="}},"yMw0FTxTsoA8wjMMuYOJyxjBbWveBguiSNQjWz6czTA=":{"valueMac":{"type":"Buffer","data":"J17vYNknRzBLo3TZMNwvQJuvz8d6LlMdeurFNyD8ep4="}},"yT/x+9xHpM7LtiY924g0peBo2SyuZRqLwRz5mBzsEy8=":{"valueMac":{"type":"Buffer","data":"rK+d2gOa7ZxKRsB4boYxWpkSNYljaoyYU680GWvdo9k="}},"y9oSh5kU+CL5wONspQ6bgWWQblAwp5bCMZg+5H9S1q0=":{"valueMac":{"type":"Buffer","data":"yKkztLkOcbLg0zesvMxfwHIZf70npc6Nl32DNmXgFHA="}},"zDUYwcV7ONBggGv9uduY/paW0mkxkjsarxi5rB/egXg=":{"valueMac":{"type":"Buffer","data":"EYnJe45Uu8bAqWLPYIdv1f/RGbX8imAYed68La1YkoM="}},"zQRCOOkfq0reivbH3eZkUONontkHacsOVDU0VfLV43U=":{"valueMac":{"type":"Buffer","data":"Lw9+6rLgYSjlpayJvD9qHCecGbflF7/OZGyfxqPyLpw="}},"zVyt7k8jOqjguMsx1MwToXGIRMA6c51hNKz6eTK7iX8=":{"valueMac":{"type":"Buffer","data":"qxrIM5g3mJbcXk00HVWGYEB0MTbrkgPud4MlecC0GA4="}},"1NuJD0J/xGmN/8vQ6yrVRVBd98w53oTHnpYDkwQOTPQ=":{"valueMac":{"type":"Buffer","data":"R+vqlbMX+YUNfixznMu+pevhd+DBwmHeJ7OFQ4w0w4E="}},"1cZTBm8kynFLW1rOaBOA2dG+wUxd5ACSTrNTRZzh6p8=":{"valueMac":{"type":"Buffer","data":"EXs8hMkgSoJGKxMKx87A0R8yOutuYQ2aQA8230wUkYk="}},"1ggkBi7MHWAp4lVrwjxIEhc/xam1/aVe1692AcgKRTo=":{"valueMac":{"type":"Buffer","data":"89f4tliCc/B6oNsNno59vulhl3vDxKhcOQM7OBJVQWg="}},"15DNi2VcM1Zxb5//XrfpqXCR03EoL+G5GdeLz43fNoo=":{"valueMac":{"type":"Buffer","data":"NpKM5vtDyVd4vc/MAQwN5uynv8a6ICdWGWQRkicaaUc="}},"2GRVeJPA9MRP/PMJlDI4B42MoQ4H4slzQ1uhlLryPvc=":{"valueMac":{"type":"Buffer","data":"xR40M7/nGmDG0//p8MwbgT22xIZHJFdateUFWHOrIYY="}},"2ShhUWv+3ibGZrAWz+VYUVn8VEhsBKvEIs3FK75tr/o=":{"valueMac":{"type":"Buffer","data":"YslPR3aUmVHJCo22OSsUqhWUVIFs8nsaJFaG8Kpyp64="}},"2WB9L5Y7Kdg7n1a2XUbug0n0h+FqBrV6mbW1efFAcck=":{"valueMac":{"type":"Buffer","data":"OGcrjXNbUBbJ22kQPIIw6EUvF9T18+WwLIAPX+aaOjE="}},"2k/o2jEUlzGJHijUNX62/p7MqZksIqFjT+swxxcd9UM=":{"valueMac":{"type":"Buffer","data":"XdCukgAT8Lklg9c5DteYPB/EPTOI3e03jXzJP2XlNGI="}},"2qr4hyz3qHVAK+b5Z0rhBWTf41l8jNv5zqxPBKZxwFM=":{"valueMac":{"type":"Buffer","data":"KXGJE/7M5pMFvriN10vzvv1obu8/u5UDF3pA1SAnlyg="}},"3ofetQ/xBBdY0hZ69i+h+0Z54OqgZGhh4xy1MvysNbI=":{"valueMac":{"type":"Buffer","data":"OPwER5b8+Qya2f0DSlbUwz6aG23LUvb9NLOOfkiKzPc="}},"4BDxP39tXyat0RkCjwtQ9q8cMiiGtMpGD2c9md8budY=":{"valueMac":{"type":"Buffer","data":"0bbyrZ5WA/IfoY/c+gxplZjbxSINFvxCFBFjSpQgHiA="}},"4yX/ZAPU7ww5rHBpUF0BzodfvVJUhzwB7r3mGPV8Vq0=":{"valueMac":{"type":"Buffer","data":"Labjb9+TZVd5Gxd1Oq4abcE2jwQqmBlznF3KLP48QqQ="}},"438QjbbYQWH2pQ6oT5qfoSp17+9Gcdj56F73MOyHr5U=":{"valueMac":{"type":"Buffer","data":"TU8YDOZ7HW2fc9dCtVo97QJRDetylF0cHuwA+b1Zvq4="}},"5DCWLD9FcjdUkrninI+qqdHz/W1HgwAVHR64XP5np+4=":{"valueMac":{"type":"Buffer","data":"kCqRK565PtbuJX9RJBvhyb+sqMyORcmeUdLtskcJQEk="}},"5HLvWSMnhDrwcVF3mmOlOFyPjluzu2YDqhKu890aYYY=":{"valueMac":{"type":"Buffer","data":"D4tkfDD62FGgKzcG5vMUcbz3DpUzU24rFVJ79hEz6JI="}},"5i8x8DpaIwUYZFcNtuO/UBL3vOQqp94236b0pKbkH0M=":{"valueMac":{"type":"Buffer","data":"VPDOzqM6WgnnuhJHUi86Pucntg0UQ4KFTMpQi11mIJM="}},"5wt1d/SgZmL9YrndhNmAEkZP1D1IKZMQV9m938y1aso=":{"valueMac":{"type":"Buffer","data":"zenX0CfDa+zD1wKIkT1jUD/Ba2IPuYAsAJh3CVmN8eg="}},"5zshWMlO/IznLJXw3mRRbzMR5PFwnUO1/8Uy2nY0mDI=":{"valueMac":{"type":"Buffer","data":"H41PaAUimbZOB6vjd5i9QV9V4IZejGVVczeYvqWPycc="}},"59CydqQIRGiEv3GO60LbXyZIr+CtqqK4ROsbwIJTYBg=":{"valueMac":{"type":"Buffer","data":"gnnAyN6LF/nyB+5COKsv36ycDHYMBfKep7e4Hi5yolQ="}},"6BT+xN90aBCln+EosbbXME0GGIzXBG67EtYYC8HWhu0=":{"valueMac":{"type":"Buffer","data":"wjSbmSvX9pftBlM/Ld2YMApe+GuJp5utYssMg/ZMIlg="}},"6CuD2tCFHzURgP3nwVBr5z0Nle1pEXlc8U7nLiZ9aKU=":{"valueMac":{"type":"Buffer","data":"zdiYL0n/YAeElbLOZXLvYBDjtuzrIg14xcOFPqbpjw8="}},"6JzI8SZty/zXJt41HD+b5DVtsvcYTrNBQfAdc32659c=":{"valueMac":{"type":"Buffer","data":"x3Wy6xtT20ikH4iekraZ+wZFkb2uvhaqVmRCnn8yWHA="}},"6NHERH+hFZvbVYrHliCIj3sTqO/hLz3h5tuW2jqFv6Y=":{"valueMac":{"type":"Buffer","data":"GfwKvpBXTJlplFKEvFYh74ZL0iLzgKda9hWvMKB+ISU="}},"6YYxKj1mo2QqTH1UaGou+7Or6OO+WG95w2b090rAn6A=":{"valueMac":{"type":"Buffer","data":"jAQoMz5QSnVzJFproKLNb4XiDJrNsA2vd3OXAI8BF1s="}},"7sQZARChdpgcy9rs8Y+9chqzN8uJrNIndOJyBh0Fpz4=":{"valueMac":{"type":"Buffer","data":"ZGA96R7RDQde0caPiwABnkqRbrWTxcc7LcDzS9mgDww="}},"77nYwS2nhtG4ChaqayH9MtNCarffexgHfJodf420MRY=":{"valueMac":{"type":"Buffer","data":"Zgl9Cxkkq8ZFUSP9zVpWHJsqFZ+ooLfJjnSmI92/2Is="}},"8Xo4XU5tU8OSACjmaBd4yJuavF2N2b1NL0T8CPVhXQk=":{"valueMac":{"type":"Buffer","data":"4Q0T4HF+mt1dyNBHVoV3mUv/gTsaiBaga+pntrs8ZWs="}},"81yRZO9UsDrTmlNPFEsRuNfd4ChfRMP0Hq0stPDq7QM=":{"valueMac":{"type":"Buffer","data":"leKbKh6LygUmPdSC47hkYKv338T1p3J7C0zfQnwwtbM="}},"83uOdOr/wC2ekZk2KLXmXxIhzqbrd6m/JwhJ5vcNLdg=":{"valueMac":{"type":"Buffer","data":"8oLqg3RJVcqLnmMawMWRedxdlygMJndKmiKGidDN7kM="}},"9T6PDk5tBgn4mjWMvADCDOJGah13ih/ln7p2Xbim7sI=":{"valueMac":{"type":"Buffer","data":"j0UMfyLyeOQNsOQZLNpD6jmoi88jjJxBvfaMDeuVwSA="}},"+iByB+JOtOaoyhqfknMSyTMw0ph1/kGcTcIIMRQMBNo=":{"valueMac":{"type":"Buffer","data":"aXQ4IVVMNDk32E4ykfUutwp3h9TuuijBocetRcnQdSk="}},"+j5Jv+3Tbe2rPafVWaSzooEAUVgqKj5b/zkhmamZtjw=":{"valueMac":{"type":"Buffer","data":"ONE0vl+NVThqFLbnBgbCdp5RYw4zmeGlprWIdpYTmYM="}},"+vwOl55f1emJz1NZArWgNBnCEG2esHDcba6TwfHi8tA=":{"valueMac":{"type":"Buffer","data":"sDn5fBMN02uHflAiy0ubDldIwJ9PfgnxNTuRl3XRTbo="}},"+5ZMruWCcJj3tZSmmaFzoMbT/sr7Mbal/eudlr1kytg=":{"valueMac":{"type":"Buffer","data":"fwu8dm3XSV881Yl8Z738gYo/ym1+DYs3K4DJYbCevug="}},"+7Gyk2UlEDDz9zazxceH/fcM5HIHko1oPSeowL6EG28=":{"valueMac":{"type":"Buffer","data":"+7B9KnBPcGg42aIQAJ2ylSH3910/USrXaWL7WTmV0rA="}},"/ER4ZUbRUJyhzsuwuQh3ZDe4qLQlNHFeki/26RVUMts=":{"valueMac":{"type":"Buffer","data":"g7hW7a3uAuICQzN78dqWZhSXy0j20YFXmoTdoTB2Wl0="}},"/HKQk6E7TwmNVD80iwsgc2UoxnpIvTQX435QADtBlGg=":{"valueMac":{"type":"Buffer","data":"IPdZ04IPe1WaFblxMY8hWfAbJgRN7aVHMnhIFGhoDxE="}},"/MPYThSqvwn1cHfqiKPKJUia7iOd1ylpMZcprR9+ITs=":{"valueMac":{"type":"Buffer","data":"sqXXt9n89A+nqjnZsdq52Sy0PInyLzfZrQs879GZfSI="}},"/kzUfdknk44EYJofBDzabJn+lFuT8SUiUd9jGPbClk4=":{"valueMac":{"type":"Buffer","data":"cyT+1HnDdfX6sWziJe/gq3Lw+tgilFaY6/xqxmjMx4o="}},"/lfqwRNmmoafk8q72Yu3xbZd/zCQGi5e2P23ktc7t34=":{"valueMac":{"type":"Buffer","data":"qBY06aIM4JIUAPY16s6w/f9XG2NRRLsFUEaWUiiD3Fg="}},"/6wjpRTM7zwLixsP4Gmnysb7MCYEhL7mznGN0FkHMBA=":{"valueMac":{"type":"Buffer","data":"TYWAwCh/efJ08fBPS3wEofyIPJH/Vg+p4un3QoEe+Vo="}}}}