{"noiseKey":{"private":{"type":"Buffer","data":"gILVAMJWqUBZkcKPWn+fxeQaRCdHsDDyde/q9GHQNWk="},"public":{"type":"Buffer","data":"xJeQhu9884EE1buVOF9t7jNmnkQM53loP4X+cp0jMSw="}},"pairingEphemeralKeyPair":{"private":{"type":"Buffer","data":"kHAZEOiQjYLm/cI4qhl1MPsC5Cks8a3rV0y2ZMP7SnY="},"public":{"type":"Buffer","data":"4X/yTwlvLNX9Zhs9yP3v1RhPApxaZ15O33LfggwD2iU="}},"signedIdentityKey":{"private":{"type":"Buffer","data":"WMfZLX4TR9nSTmLzN7Zfwp0VA0KYeryA+MPObd3hDlc="},"public":{"type":"Buffer","data":"y3OTlFQVVMN9UsLv6fHjbHcQ/TYSvobyE8cHCfPcEjE="}},"signedPreKey":{"keyPair":{"private":{"type":"Buffer","data":"OLtSghmLVnVhopgyFtmB6FrIJWTpn6xd6JrRMIzTS2E="},"public":{"type":"Buffer","data":"tyIk1zo52DTPBqDj4fIyTV8WA7I26L4KhphADyF4SGY="}},"signature":{"type":"Buffer","data":"GqaRMDndjumcBA509FqFUL/QBjjd7JDahWst+5w8qswt4hwAdiLZnYzHzo37xmeIc3dHWNu/65UH9daujUfjgA=="},"keyId":1},"registrationId":90,"advSecretKey":"QiZOja9FfDbXfYBsz+lRiUJ2DuG6GFY94OFblUKH574=","processedHistoryMessages":[],"nextPreKeyId":83,"firstUnuploadedPreKeyId":83,"accountSyncCounter":0,"accountSettings":{"unarchiveChats":false},"registered":false,"account":{"details":"CPuG+4QPEJXGl8cGGAQgACgA","accountSignatureKey":"BQOp83z118vQQKyWAJaPejUnv4DY9TyO6iG+KHlCESs=","accountSignature":"5uKI1HwU/Ml773EV2pwkELVxjlpjAi2oWYjy98Y9l1s3DOVrDvyMtro4P1dEAX+a9DkrwTwI0jI9u6NOPY6vAQ==","deviceSignature":"YtunM6fYICEFj4WCwtCIejr2gpcyYdAnPWVV40gmthtPzYas9FD+hhRbX/Qt0zr1FNJRuGQlIahYkdsWUE+ohA=="},"me":{"id":"628119883223:23@s.whatsapp.net","lid":"17424816578694:23@lid","name":"Edward Alexander"},"signalIdentities":[{"identifier":{"name":"628119883223:23@s.whatsapp.net","deviceId":0},"identifierKey":{"type":"Buffer","data":"BQUDqfN89dfL0ECslgCWj3o1J7+A2PU8juohvih5QhEr"}}],"platform":"iphone","routingInfo":{"type":"Buffer","data":"CAUQAxAA"},"lastAccountSyncTimestamp":1759896524,"lastPropHash":"1K4hH4","myAppStateKeyId":"ABYAAGmh"}