{"_sessions":{"BTGhWzI0Kwf5kgGGEuJcgjQ2DrKsG78u0n0Tovt8pdBn":{"registrationId":2046067311,"currentRatchet":{"ephemeralKeyPair":{"pubKey":"BRFtqUSTHPMTpuo6SSr1hCRYU3D4dE9ckneUtWD9grMt","privKey":"kMOSErQRshyS7O17MjbMmQHRQWfD0PN96YG+N6Md90s="},"lastRemoteEphemeralKey":"Bc4f0K++9pB8MmlUucSP1/7fnHZAsnsLjefSCyQFEJN2","previousCounter":2,"rootKey":"daXjAvpHPB0MCJfBl9HtGp5bm4sTt2CtpEeGbiuWEf8="},"indexInfo":{"baseKey":"BTGhWzI0Kwf5kgGGEuJcgjQ2DrKsG78u0n0Tovt8pdBn","baseKeyType":1,"closed":-1,"used":1759915767563,"created":1759914349837,"remoteIdentityKey":"BbzG7Gt5mSZyfWMhv5IsuOyQ11fIfJqRiK1kQ+mx97VV"},"_chains":{"Bf7Clip6ssTbwDfs34ZJeIKxbex8SBVSWe3MVu5BazcY":{"chainKey":{"counter":0},"chainType":2,"messageKeys":{}},"Bc4f0K++9pB8MmlUucSP1/7fnHZAsnsLjefSCyQFEJN2":{"chainKey":{"counter":2,"key":"NQeWnVcZtg8nGBZJC0ghlTPF2d/3vH3X9oN8x1oB+RI="},"chainType":2,"messageKeys":{"0":"N806uqlp3pIc8Ja5lajPmAlIJ+6fdxIqDYsH2BWbDcY=","1":"1AgsBa0W54B3I6AeLZJ80WB2/DLhuDQ/k4oY6fF4JHo="}},"BRFtqUSTHPMTpuo6SSr1hCRYU3D4dE9ckneUtWD9grMt":{"chainKey":{"counter":1,"key":"7XZLNVkOXH8cseCdHpW/Hh4CeXb2zPAh9E8UdAqeAyU="},"chainType":1,"messageKeys":{}}}}},"version":"v1"}