{"_sessions":{"BZNKy5EpgwCaRPKElSC0wfrvA5PU8tKhP3zp/E/+2KpF":{"registrationId":2113957434,"currentRatchet":{"ephemeralKeyPair":{"pubKey":"BZVflqPOFzXWFskCiN50tJOKzOGQhwCn46RZCEXLvU0v","privKey":"iIPYB9L8UORJhaHu7L4HJsDeB3DP9WBfSxHBDYcWtno="},"lastRemoteEphemeralKey":"Ba0/ESqdxp6zguruNdRD6OznL9a84oSiUGmvf26nGk5k","previousCounter":0,"rootKey":"REt08JIQZ/b01e2rwPai9GSk3sOhXe3Kvs9B60VI3is="},"indexInfo":{"baseKey":"BZNKy5EpgwCaRPKElSC0wfrvA5PU8tKhP3zp/E/+2KpF","baseKeyType":2,"closed":-1,"used":1760003994617,"created":1760003994617,"remoteIdentityKey":"BUtbAv82PK3ZDYeScNOIjMLO/WpP1UNxp3ujsYtA+7Vx"},"_chains":{"Ba0/ESqdxp6zguruNdRD6OznL9a84oSiUGmvf26nGk5k":{"chainKey":{"counter":3,"key":"GKSmOAjm87A7Q/yW1ww3L0G9H3pZpaEhSoTmXzLE01g="},"chainType":2,"messageKeys":{}},"BZVflqPOFzXWFskCiN50tJOKzOGQhwCn46RZCEXLvU0v":{"chainKey":{"counter":-1,"key":"9rQ5Okra7EaFbHddQVc4gGaQafWAncJkdiKFFnRp2Rk="},"chainType":1,"messageKeys":{}}}}},"version":"v1"}