{"_sessions":{"BYIXrKxZlNAne+OqtXOaQ66kQxuL3+JXi7Lzq236x5VN":{"registrationId":1185970059,"currentRatchet":{"ephemeralKeyPair":{"pubKey":"Bdu9nHgVVN1nMB+DWYHrG6iTY6lVwiIVd91xOF0L6tJj","privKey":"4LRCA/nu80iSh74GmfF81ZxIxP/3VM+yKPy67dPLI0s="},"lastRemoteEphemeralKey":"BdbFmRsDGIp+qjvhyN3sHt8zbRtQCmRU3s0gU1hHssc9","previousCounter":0,"rootKey":"z3Lf31n0J2OoVQSoYKbLExHcWkx8l8Xkp+h7gUwNoHY="},"indexInfo":{"baseKey":"BYIXrKxZlNAne+OqtXOaQ66kQxuL3+JXi7Lzq236x5VN","baseKeyType":2,"closed":-1,"used":1759913881383,"created":1759913881383,"remoteIdentityKey":"BT60jBxE1lye20TDDjVwTgq3jZJ3bq1+9d5EvnmlqpdJ"},"_chains":{"BdbFmRsDGIp+qjvhyN3sHt8zbRtQCmRU3s0gU1hHssc9":{"chainKey":{"counter":0,"key":"mXuLlt9VRcCd4/r4MYdixGHKQnaOuv0cKewjx9NjCLA="},"chainType":2,"messageKeys":{}},"Bdu9nHgVVN1nMB+DWYHrG6iTY6lVwiIVd91xOF0L6tJj":{"chainKey":{"counter":-1,"key":"7wco2A2VYfBSnO7aeqCBnCQBD5NMDMcxG+F9p28wsXE="},"chainType":1,"messageKeys":{}}}}},"version":"v1"}