{"_sessions":{"BRf0apcOBUqyI41mgDBgDQTzZqwFGkORAhpwpEKO4EEG":{"registrationId":437811541,"currentRatchet":{"ephemeralKeyPair":{"pubKey":"BfnsyVB8z2ccVoOSDSvjVUxyyKJeENiNgt+RbpXpV3oC","privKey":"KBfdrVxdNDVAc3IAjIxg6KJvuN24kc7e5ZueH1wqK1s="},"lastRemoteEphemeralKey":"BVzgBtrFDQwWGy6jrtrK4ksgwYSDpSSjg4X8/RXvHrE9","previousCounter":0,"rootKey":"FDrEIDsF4S/A+4olvNbyufSAgyL3RHJofK452bLHS0A="},"indexInfo":{"baseKey":"BRf0apcOBUqyI41mgDBgDQTzZqwFGkORAhpwpEKO4EEG","baseKeyType":2,"closed":-1,"used":1760004052930,"created":1760004052930,"remoteIdentityKey":"BejyqPdY4cIqmKMlQYS5tPx4Drv0nM8x4CeCwIJJBQFL"},"_chains":{"BVzgBtrFDQwWGy6jrtrK4ksgwYSDpSSjg4X8/RXvHrE9":{"chainKey":{"counter":5,"key":"eizuVNsGV+fUgISQQqxnHSTYXeRQnavXsSd3L37kpDw="},"chainType":2,"messageKeys":{}},"BfnsyVB8z2ccVoOSDSvjVUxyyKJeENiNgt+RbpXpV3oC":{"chainKey":{"counter":-1,"key":"0CsndfcOqqbxnNduvfx78THVOXmkoL8jgYZujYw8RJE="},"chainType":1,"messageKeys":{}}}}},"version":"v1"}