{"_sessions":{"BY7oLUhVD5rfP73aP2LpuUsYYJTBxoyql9sGwfKpeqEE":{"registrationId":1767548283,"currentRatchet":{"ephemeralKeyPair":{"pubKey":"BcP7jjw1uI+Nbt+U0zQMjhVTrjcQHH6PQEfEFExAL7Z9","privKey":"qKl+4NR9aOngGo5cQQNlE8xfm80Swjri1mZfiSQT7mg="},"lastRemoteEphemeralKey":"BdbW9YILX3QxotKNUkGhhEu6PZaHjZJZtux8TuJOYH55","previousCounter":0,"rootKey":"m9ZVVhlmCGjVrdYm9QgcYbqIl/aA2wQpuiLl3xYO9+4="},"indexInfo":{"baseKey":"BY7oLUhVD5rfP73aP2LpuUsYYJTBxoyql9sGwfKpeqEE","baseKeyType":2,"closed":-1,"used":1760004050565,"created":1760004050565,"remoteIdentityKey":"Ba8Ucy7ZxDRefeGhdfpH2nYBseLpKggtCsuNrgcwuL0K"},"_chains":{"BdbW9YILX3QxotKNUkGhhEu6PZaHjZJZtux8TuJOYH55":{"chainKey":{"counter":1,"key":"fdnNtLKwiLuz8HFMHGnqnzzc+v8AwLeQ2DpIn29+PCY="},"chainType":2,"messageKeys":{}},"BcP7jjw1uI+Nbt+U0zQMjhVTrjcQHH6PQEfEFExAL7Z9":{"chainKey":{"counter":-1,"key":"MggY03aqUTn/kiopVAwrAAPl2UMjPv8kr1rarVhuCP0="},"chainType":1,"messageKeys":{}}}}},"version":"v1"}