{"_sessions":{"BdsHLimBBhGnbGPJ0TsGleQDxtWwG7ozU21y2p0h73kq":{"registrationId":115,"currentRatchet":{"ephemeralKeyPair":{"pubKey":"BTgReYcivr+qJczTV9Plv63WeOMo8jWjoT6gjtZNY1xi","privKey":"QF9unNyWamPimjsPczPbRa/l8Mg8+/5ULP85NrCqGHE="},"lastRemoteEphemeralKey":"BdLTry1y/3/6zEmyqKQjfMxO0Jt87PiSatOZPBAQBVIH","previousCounter":0,"rootKey":"9J8O42/rnknmqhsY4XTP1KT7nibh2IUrlQabhBrA0X0="},"indexInfo":{"baseKey":"BdsHLimBBhGnbGPJ0TsGleQDxtWwG7ozU21y2p0h73kq","baseKeyType":2,"closed":1760004011083,"used":1760004009869,"created":1760004009869,"remoteIdentityKey":"BQ72On48O9yP/7qfBVB2DbPdO0bHbk6BYaEAKfkmcvEA"},"_chains":{"BdLTry1y/3/6zEmyqKQjfMxO0Jt87PiSatOZPBAQBVIH":{"chainKey":{"counter":0,"key":"Qi26jjMlqcNoFj0MgrrP/jESh7MkXZPjsiNeQeO2IM8="},"chainType":2,"messageKeys":{}},"BTgReYcivr+qJczTV9Plv63WeOMo8jWjoT6gjtZNY1xi":{"chainKey":{"counter":-1,"key":"EQn+MVPKkfYLXYo2d8R42V5g3Pq7bfMZ7UjAADx4tMg="},"chainType":1,"messageKeys":{}}}},"Bf4AdmEIs+g9O/gfawhx3IGTPqNVuxDDekDEZDPFgzVS":{"registrationId":115,"currentRatchet":{"ephemeralKeyPair":{"pubKey":"BZ0gPpg+H3PruA5Je8VhQqHNKZzfvCCRifq0V1el58V9","privKey":"AIwtZGu5LOqSZjWBJgbZpHHhZSFqUxoJhyAyRxUKJWQ="},"lastRemoteEphemeralKey":"BWAhN1HJIsqECGqDeTsnhxUh+0zenG3xeOosW/r1wRIL","previousCounter":0,"rootKey":"xYM5X0vn90hIK6Rt4ZHHg+Xl8r9SKPOag9IAz8hUHCg="},"indexInfo":{"baseKey":"Bf4AdmEIs+g9O/gfawhx3IGTPqNVuxDDekDEZDPFgzVS","baseKeyType":2,"closed":1760004011890,"used":1760004011084,"created":1760004011084,"remoteIdentityKey":"BQ72On48O9yP/7qfBVB2DbPdO0bHbk6BYaEAKfkmcvEA"},"_chains":{"BWAhN1HJIsqECGqDeTsnhxUh+0zenG3xeOosW/r1wRIL":{"chainKey":{"counter":0,"key":"fJAQah7pLIEz2eaBRIQdzVea53rdBGRVi2Qog7dhFfI="},"chainType":2,"messageKeys":{}},"BZ0gPpg+H3PruA5Je8VhQqHNKZzfvCCRifq0V1el58V9":{"chainKey":{"counter":-1,"key":"9Eq03H/VaFaO4kNN2I++cvFRuW6KEuVbheZ7Dq3TXoU="},"chainType":1,"messageKeys":{}}}},"BbL57dWGuc1O72jW06U0z3YNMqnBkjss7XY2qRAnqaQI":{"registrationId":115,"currentRatchet":{"ephemeralKeyPair":{"pubKey":"BTRaRF6DV2NMGVDUEFxZYOElHSVwXrIMXwmHrun1btVl","privKey":"4FDWMeNW9DAkn/V0Am5h+xrtXfQb96FqMfTVNljtGkQ="},"lastRemoteEphemeralKey":"BbtJcjZ5jLnBqa+QtnXRdW+7q5wxos6VC1CBXmYKiYgW","previousCounter":0,"rootKey":"gr1PosuVFR5Sr56BPN/PEuPxJpwxE3a9mT+h5+mQbAA="},"indexInfo":{"baseKey":"BbL57dWGuc1O72jW06U0z3YNMqnBkjss7XY2qRAnqaQI","baseKeyType":2,"closed":1760004012698,"used":1760004011891,"created":1760004011891,"remoteIdentityKey":"BQ72On48O9yP/7qfBVB2DbPdO0bHbk6BYaEAKfkmcvEA"},"_chains":{"BbtJcjZ5jLnBqa+QtnXRdW+7q5wxos6VC1CBXmYKiYgW":{"chainKey":{"counter":0,"key":"YwQJd3Ebihbp1zPowr1mR/SlTZzZxXx1lxB/pcT5f2A="},"chainType":2,"messageKeys":{}},"BTRaRF6DV2NMGVDUEFxZYOElHSVwXrIMXwmHrun1btVl":{"chainKey":{"counter":-1,"key":"f9bvzPRFg4q9zD+jV9kbS+pnZuMUP7nalJDUfWAQm7k="},"chainType":1,"messageKeys":{}}}},"BcmEqGviZhAdv8710BoPPUO4hkledyjq5kGfaSq2v/A5":{"registrationId":115,"currentRatchet":{"ephemeralKeyPair":{"pubKey":"BX0jG1sE0f6lcpk+J6RrYtlwwI3MIGWLzxeEcyO+Wrsu","privKey":"ENLumNdziy2/MbUF2uRfMmZsrqC6SGR/u8lN1zc9+0g="},"lastRemoteEphemeralKey":"BXGpBbKpW+Dao5OCi/klub+i9yDu2iBLUn8q699gbqBh","previousCounter":0,"rootKey":"BaXCReO9TSHyymPFDu8f1BGGrSBDf3RBOfgtiDyH3ts="},"indexInfo":{"baseKey":"BcmEqGviZhAdv8710BoPPUO4hkledyjq5kGfaSq2v/A5","baseKeyType":2,"closed":1760004013718,"used":1760004012699,"created":1760004012699,"remoteIdentityKey":"BQ72On48O9yP/7qfBVB2DbPdO0bHbk6BYaEAKfkmcvEA"},"_chains":{"BXGpBbKpW+Dao5OCi/klub+i9yDu2iBLUn8q699gbqBh":{"chainKey":{"counter":0,"key":"wNkcCUgNIM5Cc80hFVHmHlqFw5UA+jpI9Rvr2oFY7sY="},"chainType":2,"messageKeys":{}},"BX0jG1sE0f6lcpk+J6RrYtlwwI3MIGWLzxeEcyO+Wrsu":{"chainKey":{"counter":-1,"key":"bWIhvHAG5XQBgNdS9MNl0ohHwziP8k2xQ+V9O3BZzPQ="},"chainType":1,"messageKeys":{}}}},"Bf3rDpIaRRdBKvQ/UReLSaMq62NRm5pHKjaju75VZIxc":{"registrationId":115,"currentRatchet":{"ephemeralKeyPair":{"pubKey":"BRs19vJ76qC8DluoRZdtpB001/IKrfkq/03tXSAAWwJz","privKey":"YGtnNWj1/q4QA2awCXqmg5nucSs6bUPHMac2u1j3UkY="},"lastRemoteEphemeralKey":"BdWTaEfWli4pCd++yfRMb2T3Kl/ncsBVDB9SziLCB78/","previousCounter":0,"rootKey":"9gRsjSIqicFX2AXTOxVOXHdeXy3lvzO+KKTUwN12BVw="},"indexInfo":{"baseKey":"Bf3rDpIaRRdBKvQ/UReLSaMq62NRm5pHKjaju75VZIxc","baseKeyType":2,"closed":1760004014924,"used":1760004013718,"created":1760004013718,"remoteIdentityKey":"BQ72On48O9yP/7qfBVB2DbPdO0bHbk6BYaEAKfkmcvEA"},"_chains":{"BdWTaEfWli4pCd++yfRMb2T3Kl/ncsBVDB9SziLCB78/":{"chainKey":{"counter":0,"key":"TKUGA3DB9mjafSrZ1dwzKcRWepmTXE9vz5TsNkYHIjE="},"chainType":2,"messageKeys":{}},"BRs19vJ76qC8DluoRZdtpB001/IKrfkq/03tXSAAWwJz":{"chainKey":{"counter":-1,"key":"MCmSO7ZHQGSdkhUiv4YyKwB6xgRCGocn2E6DC+2IBV0="},"chainType":1,"messageKeys":{}}}},"Bejolh/YFbvspeQECjhzMNhu0hILOl57zMZ15cbbo7hq":{"registrationId":115,"currentRatchet":{"ephemeralKeyPair":{"pubKey":"BfgitbogQkIvkPZD7bJajGFSLU1lB0VfTmeQJPdOrC0f","privKey":"qJRo6Y3bGwCLqYimY/ml2bPjUuwdpfk8ie2yMwcrgWg="},"lastRemoteEphemeralKey":"BdBEjGjjLIl1qU038aySJSBDxwPJ/Bgcz6DfUn8Eg2Ao","previousCounter":0,"rootKey":"qeKh6f1ntj2wUqmE5G0AkbhPX4sxvDtFmrPcw7NcmGY="},"indexInfo":{"baseKey":"Bejolh/YFbvspeQECjhzMNhu0hILOl57zMZ15cbbo7hq","baseKeyType":2,"closed":1760004017544,"used":1760004014925,"created":1760004014925,"remoteIdentityKey":"BQ72On48O9yP/7qfBVB2DbPdO0bHbk6BYaEAKfkmcvEA"},"_chains":{"BdBEjGjjLIl1qU038aySJSBDxwPJ/Bgcz6DfUn8Eg2Ao":{"chainKey":{"counter":0,"key":"CULO8BAX2lXYnsE3acYTJhKPAFe2eGbNG3CUMUz+r9s="},"chainType":2,"messageKeys":{}},"BfgitbogQkIvkPZD7bJajGFSLU1lB0VfTmeQJPdOrC0f":{"chainKey":{"counter":-1,"key":"h2r8jzNA53JXO11Kzyjfpq42+IlAYKnW8hSaRpWbIsk="},"chainType":1,"messageKeys":{}}}},"BZWiLbzhyIVfakUjt/zyLXqDOjIs/PVqXdjESm2J8mkW":{"registrationId":115,"currentRatchet":{"ephemeralKeyPair":{"pubKey":"BTlgAtZ8ShCYYZ0OgqO9h5nGf3T3MQWUSuotv91nxSMY","privKey":"wKB4qMR3QYosQv0fiaAzaxs/xqRBcQZ9XCy/ZTN6LmU="},"lastRemoteEphemeralKey":"BZ6w3W1N31dKOoBZoV+vyQsLi0ac99B7SLf+qOZ5Sjxr","previousCounter":0,"rootKey":"gCLUTaDA61HkcqQNQNJhThf7kuzynzXa7I9LpHmQPbg="},"indexInfo":{"baseKey":"BZWiLbzhyIVfakUjt/zyLXqDOjIs/PVqXdjESm2J8mkW","baseKeyType":2,"closed":1760004018753,"used":1760004017545,"created":1760004017545,"remoteIdentityKey":"BQ72On48O9yP/7qfBVB2DbPdO0bHbk6BYaEAKfkmcvEA"},"_chains":{"BZ6w3W1N31dKOoBZoV+vyQsLi0ac99B7SLf+qOZ5Sjxr":{"chainKey":{"counter":0,"key":"f3kYOkGowdmz+emMcoq4do2sLKCF/qxa77ArafFoaEM="},"chainType":2,"messageKeys":{}},"BTlgAtZ8ShCYYZ0OgqO9h5nGf3T3MQWUSuotv91nxSMY":{"chainKey":{"counter":-1,"key":"eV/A8Dob4VijG/5j2jMbciVhIxTvON//cX/gxwFYvek="},"chainType":1,"messageKeys":{}}}},"BZlurRWLEXWEOMEZAwxHOCpcIkMRzXwmCiayJhhBBBFr":{"registrationId":115,"currentRatchet":{"ephemeralKeyPair":{"pubKey":"BS4mZJc3un3tDADCRxlYZX7Z6HSIvbeAoCtv4gBlbupK","privKey":"8AwMnP0yNO1QT2XH79wDPczI5NlddZ1i4l7n9BRZrXI="},"lastRemoteEphemeralKey":"BQz99qyaJXwjm00uh6FZRay+Qq59kDHUMEnYRMIYMvNj","previousCounter":0,"rootKey":"Brmr7N6PToTVZgDXWxbyb9ZReID8vn5yX7nn76h6FMU="},"indexInfo":{"baseKey":"BZlurRWLEXWEOMEZAwxHOCpcIkMRzXwmCiayJhhBBBFr","baseKeyType":2,"closed":1760004020996,"used":1760004018753,"created":1760004018753,"remoteIdentityKey":"BQ72On48O9yP/7qfBVB2DbPdO0bHbk6BYaEAKfkmcvEA"},"_chains":{"BQz99qyaJXwjm00uh6FZRay+Qq59kDHUMEnYRMIYMvNj":{"chainKey":{"counter":0,"key":"yUwGI4B2UNukNTDQzKNznxX0PmeBqEGoqIPaQqV8JpE="},"chainType":2,"messageKeys":{}},"BS4mZJc3un3tDADCRxlYZX7Z6HSIvbeAoCtv4gBlbupK":{"chainKey":{"counter":-1,"key":"rr44PXL+Lfcfxi2vvXPxPoCgb/0RaQiFSgW1rBLODkU="},"chainType":1,"messageKeys":{}}}},"BesQ0JtYSY1REt41JWVHAocz2cJnhdD0MU9z1cjhqmRs":{"registrationId":115,"currentRatchet":{"ephemeralKeyPair":{"pubKey":"BVC7P6RlXFOsLjKti+eXniozALjrQsxavYf5kMsDnMgl","privKey":"WH2c8Kwd2+wbaaR/kMPDsAxgxUnPsFVppg33OlAoBHg="},"lastRemoteEphemeralKey":"BU2JyfL1ht4NsjAtokgQcmLsSFbKVirf+dzOObjp83te","previousCounter":0,"rootKey":"ot+wfkpDY00emFFNQOUbphVrbH62iXV7YIhXj9mX3Jg="},"indexInfo":{"baseKey":"BesQ0JtYSY1REt41JWVHAocz2cJnhdD0MU9z1cjhqmRs","baseKeyType":2,"closed":1760004023903,"used":1760004020997,"created":1760004020997,"remoteIdentityKey":"BQ72On48O9yP/7qfBVB2DbPdO0bHbk6BYaEAKfkmcvEA"},"_chains":{"BU2JyfL1ht4NsjAtokgQcmLsSFbKVirf+dzOObjp83te":{"chainKey":{"counter":0,"key":"2jtxoonJ6Px05lct4d4vFEnQyEADesy7lh+uEmY5bqY="},"chainType":2,"messageKeys":{}},"BVC7P6RlXFOsLjKti+eXniozALjrQsxavYf5kMsDnMgl":{"chainKey":{"counter":-1,"key":"jafOFaITNtDH2yaYMkOkAaYPm6MC5j3N4K8MMjpJPAU="},"chainType":1,"messageKeys":{}}}},"Bf5gLK4BokBQ/E4Y39wBDqz5GFGZNrxYF16PtQll4a9Y":{"registrationId":115,"currentRatchet":{"ephemeralKeyPair":{"pubKey":"BQw6h9t2TGZsei49ZjTF1zD4vkggaiARYY9D0Jr7c2UC","privKey":"yEoaPhKwKTAcEY61r2QdAEWaj8JeBw5Wyn2yU7vsl1A="},"lastRemoteEphemeralKey":"Bes8rDMobP0q4BXPxT4rluHkCmOQ2+pZ9q7yUkeB3n9Y","previousCounter":0,"rootKey":"ywesGbelza62tz4KjLprseDMwvj09UWOM15YCUVvda8="},"indexInfo":{"baseKey":"Bf5gLK4BokBQ/E4Y39wBDqz5GFGZNrxYF16PtQll4a9Y","baseKeyType":2,"closed":1760004024544,"used":1760004023903,"created":1760004023903,"remoteIdentityKey":"BQ72On48O9yP/7qfBVB2DbPdO0bHbk6BYaEAKfkmcvEA"},"_chains":{"Bes8rDMobP0q4BXPxT4rluHkCmOQ2+pZ9q7yUkeB3n9Y":{"chainKey":{"counter":0,"key":"LO/pI3NNxHmyULd1LzwAhiiBxfh9HcPITheXg4Y7s0A="},"chainType":2,"messageKeys":{}},"BQw6h9t2TGZsei49ZjTF1zD4vkggaiARYY9D0Jr7c2UC":{"chainKey":{"counter":-1,"key":"WrYKPSYuiu9+uqMgDPD4ky4/LJ5tV+sGnvPcUFz1zbU="},"chainType":1,"messageKeys":{}}}},"BTromJBy12lPDtQ1Z+agKghMRAJOoZCG+vYcpA3K5tJq":{"registrationId":115,"currentRatchet":{"ephemeralKeyPair":{"pubKey":"BfYyGUOQKAjRVnpTBvFXH79BgzFQSxG+lA+3CS+8ut0z","privKey":"iC0dkfZtxUrJuNu0Ft9R6urypOw+KqiCaITsU3NQQms="},"lastRemoteEphemeralKey":"BdtnxaNilNX29rJpbY2kgDBbw90+9FgjKwgyZc/VVS5D","previousCounter":0,"rootKey":"GFtvFjWdoGWMIEwYNwLBGBLQMrSk0GiyTNf9DC4ELfA="},"indexInfo":{"baseKey":"BTromJBy12lPDtQ1Z+agKghMRAJOoZCG+vYcpA3K5tJq","baseKeyType":2,"closed":1760004026181,"used":1760004024545,"created":1760004024545,"remoteIdentityKey":"BQ72On48O9yP/7qfBVB2DbPdO0bHbk6BYaEAKfkmcvEA"},"_chains":{"BdtnxaNilNX29rJpbY2kgDBbw90+9FgjKwgyZc/VVS5D":{"chainKey":{"counter":0,"key":"HdY1Jai0PcNeczEPBWYefME61mtmF5hms1EsGzwcIXY="},"chainType":2,"messageKeys":{}},"BfYyGUOQKAjRVnpTBvFXH79BgzFQSxG+lA+3CS+8ut0z":{"chainKey":{"counter":-1,"key":"y4Hu8PYpa2pSuW6DRnW41YfJQVIO2cQDzII1yvF/6y0="},"chainType":1,"messageKeys":{}}}},"BW7SOfLEq+259VRtViWnVtFocLXuG/egLyK5hOC1q0g/":{"registrationId":115,"currentRatchet":{"ephemeralKeyPair":{"pubKey":"BUQwJ7h0N9MrnTLgoQqTBG+vHoLPNqIaOaO4/oHA/r5/","privKey":"oJdptZWZUmQquGjrdsmc3ib84hGpbRD3oqFTRYPP1U8="},"lastRemoteEphemeralKey":"BZ/yvSxFVjbSA6gvgV+GdrYDcbByXSG08j+1UeQG6PNU","previousCounter":0,"rootKey":"VQlRvhpPUSecFY/8npzF+EHCG4SY9g/iFBi0yG0Puio="},"indexInfo":{"baseKey":"BW7SOfLEq+259VRtViWnVtFocLXuG/egLyK5hOC1q0g/","baseKeyType":2,"closed":1760004027193,"used":1760004026183,"created":1760004026183,"remoteIdentityKey":"BQ72On48O9yP/7qfBVB2DbPdO0bHbk6BYaEAKfkmcvEA"},"_chains":{"BZ/yvSxFVjbSA6gvgV+GdrYDcbByXSG08j+1UeQG6PNU":{"chainKey":{"counter":0,"key":"V//D1VCZcmVQpEQnWnaUNgIUFd2qaLu92PRkIO8D1WM="},"chainType":2,"messageKeys":{}},"BUQwJ7h0N9MrnTLgoQqTBG+vHoLPNqIaOaO4/oHA/r5/":{"chainKey":{"counter":-1,"key":"L3gF2/T/bZx1j6We66p4J4CnK/Exafi6d9UN1ZmF86Q="},"chainType":1,"messageKeys":{}}}},"Be0d9BbgLcvTPIQP2S/hbhulks+EYhG2lqLxMtreurdk":{"registrationId":115,"currentRatchet":{"ephemeralKeyPair":{"pubKey":"BdWkiIFFA/84sD7Ib9i0ar5XDFMrAD4TLiyj3+EGtSg/","privKey":"EMAM7MZ8cJC/uO2fSBNuKWOjPNu1UTlc2VFU0MYD82M="},"lastRemoteEphemeralKey":"Bc7g9jsgcbyQP/PrYYHstggq6EYXOCFdwnwOiAERl8sk","previousCounter":0,"rootKey":"Rco5HkkdqRP+9YSM4KIw5ybsa3wi9KvA0EjeuBpJTnY="},"indexInfo":{"baseKey":"Be0d9BbgLcvTPIQP2S/hbhulks+EYhG2lqLxMtreurdk","baseKeyType":2,"closed":1760004028005,"used":1760004027193,"created":1760004027193,"remoteIdentityKey":"BQ72On48O9yP/7qfBVB2DbPdO0bHbk6BYaEAKfkmcvEA"},"_chains":{"Bc7g9jsgcbyQP/PrYYHstggq6EYXOCFdwnwOiAERl8sk":{"chainKey":{"counter":0,"key":"LZMOAEEZRPpef2FfOBq7YrOotiP2NJGMwyzwVvSgu3Q="},"chainType":2,"messageKeys":{}},"BdWkiIFFA/84sD7Ib9i0ar5XDFMrAD4TLiyj3+EGtSg/":{"chainKey":{"counter":-1,"key":"iKHm2wLm2ghy4O+i+oRHxi8JxtIfnnsj5rhHUQ5KpcE="},"chainType":1,"messageKeys":{}}}},"BbsW/bRKVKDxHrgH7GwPnuugRBvdyoIGt/Ajq1Vi3HUK":{"registrationId":115,"currentRatchet":{"ephemeralKeyPair":{"pubKey":"BSUD4l0UkxyysyI3ozBKnmJo1D8jmj7GI8uffwX4osJp","privKey":"YIRLL1+vLyKE2DwjpttEciVdHzZzt/YL24xbfRbcq2E="},"lastRemoteEphemeralKey":"BTS2/yXJCsOerQU3HzFYgtcnOmnCXkdcC6hH0Xwu0WIm","previousCounter":0,"rootKey":"VJF4lfSDHO/8qhhoJVRgUoO4+ko8RUBax2zflTYz+Hk="},"indexInfo":{"baseKey":"BbsW/bRKVKDxHrgH7GwPnuugRBvdyoIGt/Ajq1Vi3HUK","baseKeyType":2,"closed":1760004029223,"used":1760004028007,"created":1760004028007,"remoteIdentityKey":"BQ72On48O9yP/7qfBVB2DbPdO0bHbk6BYaEAKfkmcvEA"},"_chains":{"BTS2/yXJCsOerQU3HzFYgtcnOmnCXkdcC6hH0Xwu0WIm":{"chainKey":{"counter":0,"key":"1aMcpZidTGKQUEOB0/2xbXgmLQYCvuioekHOLSfmfnw="},"chainType":2,"messageKeys":{}},"BSUD4l0UkxyysyI3ozBKnmJo1D8jmj7GI8uffwX4osJp":{"chainKey":{"counter":-1,"key":"/NIBm3X1VzPLhh7WYu6igmyg8bk3/532obwrIQVcIBg="},"chainType":1,"messageKeys":{}}}},"BUQRGI7H89ayEpv4gWu38kQpQ2TT1N1sy3g1Qxppy/lI":{"registrationId":115,"currentRatchet":{"ephemeralKeyPair":{"pubKey":"BSuLHDRbMlwRC+pnc24tJZi/NjJhjS2xy6ZbuLifT+9x","privKey":"WM+NYp1hVG59cxFbkHQHoiBBGI/XDzm8N+HH5q13T3o="},"lastRemoteEphemeralKey":"BdRLCJkBKD0VFOhBLnGe93AllwjSKR+KKq0MJLwBssN4","previousCounter":0,"rootKey":"banil0wa0A7YrqOCJzse2FcknHeJX13aUFV/LmKSt6s="},"indexInfo":{"baseKey":"BUQRGI7H89ayEpv4gWu38kQpQ2TT1N1sy3g1Qxppy/lI","baseKeyType":2,"closed":1760004029839,"used":1760004029224,"created":1760004029224,"remoteIdentityKey":"BQ72On48O9yP/7qfBVB2DbPdO0bHbk6BYaEAKfkmcvEA"},"_chains":{"BdRLCJkBKD0VFOhBLnGe93AllwjSKR+KKq0MJLwBssN4":{"chainKey":{"counter":0,"key":"TrhUT0R8DHSh6riwh/QHtzi5CsMpuCoUQwSgIkztvdY="},"chainType":2,"messageKeys":{}},"BSuLHDRbMlwRC+pnc24tJZi/NjJhjS2xy6ZbuLifT+9x":{"chainKey":{"counter":-1,"key":"olrk3xJd8+3dgXTBN2IeQ/mXEWVI7UF4d+Dd1sMdJPk="},"chainType":1,"messageKeys":{}}}},"BW4nOix8yPfBZUzsL3tCNJFeo5VT0qsiG9qSRpVSw9Js":{"registrationId":115,"currentRatchet":{"ephemeralKeyPair":{"pubKey":"BVZvp0RWBaHJYjK/hX4boZp8bEzQsr2KbLtPnZCUXXAX","privKey":"mNelSznJInfblbJjuFajoCBLeSTjAcDrZuxSAWxO1XI="},"lastRemoteEphemeralKey":"BWN94qvStlllhULQOJOhmi0celiz2gFN8U7W5fjlNhpk","previousCounter":0,"rootKey":"cqiPgInUQCGAnF7aKLYSa77kFFPxt8F+awr7hesHg2E="},"indexInfo":{"baseKey":"BW4nOix8yPfBZUzsL3tCNJFeo5VT0qsiG9qSRpVSw9Js","baseKeyType":2,"closed":1760004030848,"used":1760004029840,"created":1760004029840,"remoteIdentityKey":"BQ72On48O9yP/7qfBVB2DbPdO0bHbk6BYaEAKfkmcvEA"},"_chains":{"BWN94qvStlllhULQOJOhmi0celiz2gFN8U7W5fjlNhpk":{"chainKey":{"counter":0,"key":"6HG8gXmdJjNaKtPVP6vvR+9alHCX6uaVwkXK8VAL5zE="},"chainType":2,"messageKeys":{}},"BVZvp0RWBaHJYjK/hX4boZp8bEzQsr2KbLtPnZCUXXAX":{"chainKey":{"counter":-1,"key":"XwE2wcXU6H6eHtbXaTsaTtorGFx88N8Rrkt9SgaJkmA="},"chainType":1,"messageKeys":{}}}},"BSltiFDp7wcWbP3QBJR13dKxdN6NdevMnOCT6mVTHcF1":{"registrationId":115,"currentRatchet":{"ephemeralKeyPair":{"pubKey":"BcBj24vbyO0wx7Ot0HkzFHmTWKP24t5dwIIDn/DMu/5V","privKey":"cD8OL1UH/8KLXX71xfTJTRQa6cArBc1jRnpvSjacTVQ="},"lastRemoteEphemeralKey":"BZhcGMuWxUa0vJeqmPaXFR5i0p+/E9mePcViNkaQOelZ","previousCounter":0,"rootKey":"tL8/405JbEH/pcGR31hAzVDa7xeM3QHbNi0wyLcnOyg="},"indexInfo":{"baseKey":"BSltiFDp7wcWbP3QBJR13dKxdN6NdevMnOCT6mVTHcF1","baseKeyType":2,"closed":-1,"used":1760004030849,"created":1760004030849,"remoteIdentityKey":"BQ72On48O9yP/7qfBVB2DbPdO0bHbk6BYaEAKfkmcvEA"},"_chains":{"BZhcGMuWxUa0vJeqmPaXFR5i0p+/E9mePcViNkaQOelZ":{"chainKey":{"counter":0,"key":"pngqsS7xaAQ3xS9/uhS0nPjuJNSglTZgr0KSSW4R2Fc="},"chainType":2,"messageKeys":{}},"BcBj24vbyO0wx7Ot0HkzFHmTWKP24t5dwIIDn/DMu/5V":{"chainKey":{"counter":-1,"key":"fgcCLqocdVXQDwlxivoRvunFX0RznP4+l7LyHx4XO84="},"chainType":1,"messageKeys":{}}}}},"version":"v1"}