{"_sessions":{"Bbe7ZXn0SqxZISO/jHvEM1N95pOGlZh+GnFSJZP9nONt":{"registrationId":824858873,"currentRatchet":{"ephemeralKeyPair":{"pubKey":"BcEDBRlec+ODUad3UT4yvRVqdBCz0jvLJpBvyZSjAl9J","privKey":"wG5LJSk5k6jcDBmMjoZUzss6s2wkvNSH16oGC6v2j10="},"lastRemoteEphemeralKey":"BRJ54DuxPkColp8xtnT3Jw5jjPwh4ci2Yzly9DaX7zIB","previousCounter":0,"rootKey":"64DUVBFGMkrrZC3VBMUGHYQxMXRigf2VgS83tImZIvw="},"indexInfo":{"baseKey":"Bbe7ZXn0SqxZISO/jHvEM1N95pOGlZh+GnFSJZP9nONt","baseKeyType":1,"closed":-1,"used":1759896528125,"created":1759896528125,"remoteIdentityKey":"BYpPY8O2mFW5TUCfqNycfgXpJpMITD2jdXEa7Imc8lZO"},"_chains":{"BcEDBRlec+ODUad3UT4yvRVqdBCz0jvLJpBvyZSjAl9J":{"chainKey":{"counter":8,"key":"/2OVxvtAVqlIOfACYCOWPHMaZBZK0hfVkF7wSJUcfZg="},"chainType":1,"messageKeys":{}}},"pendingPreKey":{"signedKeyId":5765908,"baseKey":"Bbe7ZXn0SqxZISO/jHvEM1N95pOGlZh+GnFSJZP9nONt","preKeyId":1210}}},"version":"v1"}