{"_sessions":{"BZ3pKliGkHwtMoYakt//W6nKMKSsq19DInV40K0GIWJr":{"registrationId":1185970059,"currentRatchet":{"ephemeralKeyPair":{"pubKey":"BchYwU/gumIqAyGRtoe9H9m06Uvyh7zuRsuum0vSumJv","privKey":"EPm9403mtk9ZTJZLcjRL3UmAG+/FmZlIJ5Leie3txF8="},"lastRemoteEphemeralKey":"BX/aPG/5FA5Z5HFLvnPn931P/hyUQjTkd1sFnSSSCRt/","previousCounter":0,"rootKey":"pRPWI8NNDmdhXkgdsNRgGNsxqdwlNzdJClGDKvDaTeU="},"indexInfo":{"baseKey":"BZ3pKliGkHwtMoYakt//W6nKMKSsq19DInV40K0GIWJr","baseKeyType":1,"closed":1759914350829,"used":1759896528124,"created":1759896528124,"remoteIdentityKey":"BT60jBxE1lye20TDDjVwTgq3jZJ3bq1+9d5EvnmlqpdJ"},"_chains":{"BchYwU/gumIqAyGRtoe9H9m06Uvyh7zuRsuum0vSumJv":{"chainKey":{"counter":2,"key":"KLPFCnt9NpBQBkUCprO9MLDTvHBbcVvyx0y1zw4xlNo="},"chainType":1,"messageKeys":{}}},"pendingPreKey":{"signedKeyId":8976917,"baseKey":"BZ3pKliGkHwtMoYakt//W6nKMKSsq19DInV40K0GIWJr","preKeyId":1095}},"BaLx6h3xfO9RBSBGbHCNF3v6Z3BuCxtOkUNSRruiqR0n":{"registrationId":1185970059,"currentRatchet":{"ephemeralKeyPair":{"pubKey":"BdEsp29LMwF/WLqWJiuOcdLS7+da5xUuwTy1EY7gZLtg","privKey":"mDnCNgaqwVbUI+yBwawvxjse07jKICT/t703iANwMXo="},"lastRemoteEphemeralKey":"BX/aPG/5FA5Z5HFLvnPn931P/hyUQjTkd1sFnSSSCRt/","previousCounter":0,"rootKey":"t9X4E4nKvPZH74NQ/yintfeVTVWg+MXilteXJt+7n7Q="},"indexInfo":{"baseKey":"BaLx6h3xfO9RBSBGbHCNF3v6Z3BuCxtOkUNSRruiqR0n","baseKeyType":1,"closed":1759914664194,"used":1759914350816,"created":1759914350816,"remoteIdentityKey":"BT60jBxE1lye20TDDjVwTgq3jZJ3bq1+9d5EvnmlqpdJ"},"_chains":{"BdEsp29LMwF/WLqWJiuOcdLS7+da5xUuwTy1EY7gZLtg":{"chainKey":{"counter":-1,"key":"lzQnZY52iK7oYFgA3QZvrFIHpgZN2RZYIxTL70gBEyA="},"chainType":1,"messageKeys":{}}},"pendingPreKey":{"signedKeyId":8976917,"baseKey":"BaLx6h3xfO9RBSBGbHCNF3v6Z3BuCxtOkUNSRruiqR0n","preKeyId":1039}},"BSVm3ywXN2AxgRLVusd0MNYMY1UDfqIv4p8J0XZ0rOQf":{"registrationId":1185970059,"currentRatchet":{"ephemeralKeyPair":{"pubKey":"BcfO57co7qCtRChJWgAB/GkIwXeVaal3jCkr8CuQlJp5","privKey":"aK6jGQnX8SH+vCaOtvHfsOXgIFynekHb5X4bxAJLm3c="},"lastRemoteEphemeralKey":"Bb2owP82cWesZoY+t5nrZHHlOsd6Ug/tmvYikfzVN2Qb","previousCounter":3,"rootKey":"DMiud0IsEqWs5V8UApGLf4hcu39Fnr4DRD3OxPhiC6U="},"indexInfo":{"baseKey":"BSVm3ywXN2AxgRLVusd0MNYMY1UDfqIv4p8J0XZ0rOQf","baseKeyType":1,"closed":-1,"used":1760003980279,"created":1759914664180,"remoteIdentityKey":"BT60jBxE1lye20TDDjVwTgq3jZJ3bq1+9d5EvnmlqpdJ"},"_chains":{"Bb2owP82cWesZoY+t5nrZHHlOsd6Ug/tmvYikfzVN2Qb":{"chainKey":{"counter":1,"key":"jeA553dA0KEH9v3ZD5O74V5F2t4ho+AhyYh7FBbj+LM="},"chainType":2,"messageKeys":{}},"BcfO57co7qCtRChJWgAB/GkIwXeVaal3jCkr8CuQlJp5":{"chainKey":{"counter":1,"key":"SzqhjNbNeBfCtaoQLm9Hr7Hy1Wktgbr45ilvVSz2+tk="},"chainType":1,"messageKeys":{}}}}},"version":"v1"}