{"_sessions":{"BcksuJbnrxKhtPULqUKpxW24Ud9VUWNrA8mTZYIyYkwa":{"registrationId":340216602,"currentRatchet":{"ephemeralKeyPair":{"pubKey":"BRKuLo3llGH9yzfxGTeHiic227Jy43XF2ARxLTdNLUcy","privKey":"OHSugZqqeLNiF+vMY4U+DkGUHrlQjK1O2lsQKenCGks="},"lastRemoteEphemeralKey":"BTxe/ZXeHeGEz7Hlzor4H+CtbNmTqe+mScvoLL1K6PwV","previousCounter":0,"rootKey":"AHBwCEO1HxUT9j0zJrMwGXxcYraRswJRONJ9ORg3BHU="},"indexInfo":{"baseKey":"BcksuJbnrxKhtPULqUKpxW24Ud9VUWNrA8mTZYIyYkwa","baseKeyType":2,"closed":-1,"used":1759913853139,"created":1759913853139,"remoteIdentityKey":"BdaYrqGe8Ou8EbXyaObNViNb52Te7JSS0R83q4c2Xrox"},"_chains":{"BTxe/ZXeHeGEz7Hlzor4H+CtbNmTqe+mScvoLL1K6PwV":{"chainKey":{"counter":2,"key":"Kjff/kkOs1LXEAO6y+SpEJcFONh4I47Bmwn0D2mYZuU="},"chainType":2,"messageKeys":{}},"BRKuLo3llGH9yzfxGTeHiic227Jy43XF2ARxLTdNLUcy":{"chainKey":{"counter":-1,"key":"AzB1z4xWEEloT5eEtDpCzvFeCyTz5/F8M3hfHLOooVs="},"chainType":1,"messageKeys":{}}}}},"version":"v1"}