{"_sessions":{"BaqfDI+XNwu8E2Pw0XDp417WtzGhtZ1bILgD6jtXxOpd":{"registrationId":1560628915,"currentRatchet":{"ephemeralKeyPair":{"pubKey":"Bd/3MBxOTRTgzG/NKlVoh9g+igJ3dO8OMKcql415TqQB","privKey":"IMZi9hycUtXcwbGxSvcrAJVs1fZNzKzedV/r9OpTQWc="},"lastRemoteEphemeralKey":"BfPXRZRqWus/pWOPhA0ncPjbtxusd5fggf3O6z7sWfg1","previousCounter":0,"rootKey":"qV2EArlhtLvRT4TWpX9a+DDx2h4aB4n3Bjs3HNWyTK0="},"indexInfo":{"baseKey":"BaqfDI+XNwu8E2Pw0XDp417WtzGhtZ1bILgD6jtXxOpd","baseKeyType":2,"closed":-1,"used":1759913853104,"created":1759913853104,"remoteIdentityKey":"BaFKlUbbptc/aI2wjtS6heph8erVa+Cd/GEfJwKWIspi"},"_chains":{"BfPXRZRqWus/pWOPhA0ncPjbtxusd5fggf3O6z7sWfg1":{"chainKey":{"counter":5,"key":"M15SeImTp5Cx1S3E2/82dyYuHBhWiREvAPDrT4zJj+w="},"chainType":2,"messageKeys":{}},"Bd/3MBxOTRTgzG/NKlVoh9g+igJ3dO8OMKcql415TqQB":{"chainKey":{"counter":-1,"key":"Uz+wezAfnQQb2XOw7Kra4ZBfD60xagQPRDJZgx14RIU="},"chainType":1,"messageKeys":{}}}}},"version":"v1"}