{"_sessions":{"BaKAPjOKHReGQqDnnEIr8plNQPK3sefldjN+l0dWGak1":{"registrationId":392001598,"currentRatchet":{"ephemeralKeyPair":{"pubKey":"BeHXAc4T4nPnEt5UbBq4qOjkQbmFazYJXtxaBz/j/zdF","privKey":"UM4G67NQ1MyxeGg1fgTeOIPv+yewnplrTDD4dNFaPHQ="},"lastRemoteEphemeralKey":"BdaUO8xtkKv83MGrbALnwYh2iGfp7CG0CbDbyE9ao6st","previousCounter":0,"rootKey":"V/92Ops29iAwDl8svOJQ8M89f2ZqlwLcRalNDN0L8Go="},"indexInfo":{"baseKey":"BaKAPjOKHReGQqDnnEIr8plNQPK3sefldjN+l0dWGak1","baseKeyType":2,"closed":-1,"used":1759913853133,"created":1759913853133,"remoteIdentityKey":"BYICh69Y7m1iouNxi+zVx9xerzDGRV+PLq04a1Q6bmNF"},"_chains":{"BdaUO8xtkKv83MGrbALnwYh2iGfp7CG0CbDbyE9ao6st":{"chainKey":{"counter":0,"key":"mK9E2yPynK06vbckysiuncjPA1iv5doS6E/5TwkPqaE="},"chainType":2,"messageKeys":{}},"BeHXAc4T4nPnEt5UbBq4qOjkQbmFazYJXtxaBz/j/zdF":{"chainKey":{"counter":-1,"key":"I4OFX4JpVqYROsqOXeJhnDMF8PdrwlVgGaV3qtgQ0js="},"chainType":1,"messageKeys":{}}}}},"version":"v1"}