{"_sessions":{"BTgKaEDWNlGWYrgVgYX4G3eYglxRdMsOtLudn4g4MiNa":{"registrationId":1533762048,"currentRatchet":{"ephemeralKeyPair":{"pubKey":"BQoJVwPYgcu6aUUaqq8FcJ4G2pNTQ56WROUANlOxF7Yz","privKey":"kOnn7wLc4DlGpvu+gJaH87YTh+Ky6W9bjIEocpZ373A="},"lastRemoteEphemeralKey":"BQnk5I9dtGce/lZ33artOkexZVZDl+7m0AU8ZLTVHBcO","previousCounter":0,"rootKey":"x7a0b7+91zoykU6kDajtFXrcq17NiK0AxwEjGBG/laA="},"indexInfo":{"baseKey":"BTgKaEDWNlGWYrgVgYX4G3eYglxRdMsOtLudn4g4MiNa","baseKeyType":2,"closed":-1,"used":1760003984967,"created":1760003984967,"remoteIdentityKey":"BZCf7v3Dm8HCtVFOfNCR+TzIjoM7mIBNPBJ1WY3rwxgM"},"_chains":{"BQnk5I9dtGce/lZ33artOkexZVZDl+7m0AU8ZLTVHBcO":{"chainKey":{"counter":1,"key":"4Z5nNJvdCYTI7xI6dXmvrvWWhkVYU5gNZjqhBDLwz5o="},"chainType":2,"messageKeys":{}},"BQoJVwPYgcu6aUUaqq8FcJ4G2pNTQ56WROUANlOxF7Yz":{"chainKey":{"counter":-1,"key":"ZaQxZEbo1iySEq9slAmnToYGVtU7VBpJcbBHDUFyDf0="},"chainType":1,"messageKeys":{}}}}},"version":"v1"}