{"_sessions":{"BVP3GatM/EwmxOgyRzrjF2vvBtizfw8S5HOgABnNM9wr":{"registrationId":346761494,"currentRatchet":{"ephemeralKeyPair":{"pubKey":"Bad/gtHY3YjxKdrEsofnrH3R2NYvK5mO/6rCxdBozeVc","privKey":"MLom5xhx1XbkuHq5jnFltIvBdLH3DvLKvdtM2hvqN28="},"lastRemoteEphemeralKey":"BYfNRUDE9cMzyN0livnGzSCVGHEDjp2AWq6ghw0e6tRz","previousCounter":0,"rootKey":"fKS3o2wMtnU1GrA3WXFHRIj0YhhERFjcS6sVsZs3x1Y="},"indexInfo":{"baseKey":"BVP3GatM/EwmxOgyRzrjF2vvBtizfw8S5HOgABnNM9wr","baseKeyType":2,"closed":-1,"used":1760014769188,"created":1759896352553,"remoteIdentityKey":"BQUDqfN89dfL0ECslgCWj3o1J7+A2PU8juohvih5QhEr"},"_chains":{"BRZ04oi3wizZ6L42Ln6JLT1dI+BFIvz3RfW1RGOUuwkN":{"chainKey":{"counter":10},"chainType":2,"messageKeys":{}},"BQdy0+cUCTcjncG7qJ0UBvxpa4WOn6TbivjL9nMtdcIy":{"chainKey":{"counter":0},"chainType":2,"messageKeys":{}},"BdRllH7U3yL6I18Y6OYehPvzACsCeAnvA5KCurieU9Mj":{"chainKey":{"counter":0},"chainType":2,"messageKeys":{}},"BSAvvov7yMUexZhP7GTt6Hzq1DZNkJ6JYuyo2g9iYEh5":{"chainKey":{"counter":0},"chainType":2,"messageKeys":{}},"BUzfowHSToqydCW1wyYMX0EbXsBxjzVq9Iw/HISkqldB":{"chainKey":{"counter":1},"chainType":2,"messageKeys":{}},"BS1qjwkSdZBOyHR1JoONk3FVj+HLyvH0tdY73XnewxZs":{"chainKey":{"counter":47},"chainType":2,"messageKeys":{"2":"SYZPGgFe3Ky8LBPbauyHp9CgH3rNuNy1iKuDageoR3c=","3":"GQSL9r5bcUq+/hbXdhLF7JjnGX1dKbg2cTKNH3XoTRE="}},"BZWCcXAWzzVcqU/ooVu7rfvGOP36eAZsmU5AURT8aVNl":{"chainKey":{"counter":8},"chainType":2,"messageKeys":{}},"BYfNRUDE9cMzyN0livnGzSCVGHEDjp2AWq6ghw0e6tRz":{"chainKey":{"counter":2,"key":"ffR4NQfHjIkv8W0Ie3XloBscU3MPpkgFOTlfMbSB6as="},"chainType":2,"messageKeys":{}},"Bad/gtHY3YjxKdrEsofnrH3R2NYvK5mO/6rCxdBozeVc":{"chainKey":{"counter":0,"key":"CiF212351TDr74FvYIJdupJlThyRUJFlm1XwBgzDDtc="},"chainType":1,"messageKeys":{}}}}},"version":"v1"}