{"_sessions":{"BSQsy3CX21w1JNwxAt2WsEaT1GLbfR/RYHpcMOnb4LcP":{"registrationId":807244298,"currentRatchet":{"ephemeralKeyPair":{"pubKey":"BUaCiO26IZjSk2VSomNjpxVvpTpTmy8qF50ZZqXS25ht","privKey":"uNsXI28ixO3FTpdSCBPiz/z7dq6yuoQu5wn9JR9Rwms="},"lastRemoteEphemeralKey":"BeWSIRLE5YT91fdXtTR7n7g+OscrRBwHRUBMZBIcOiIV","previousCounter":0,"rootKey":"BKVJhvb9P8Rp1xIsmMifagYjOnf/7mExoXQyY3KJFbQ="},"indexInfo":{"baseKey":"BSQsy3CX21w1JNwxAt2WsEaT1GLbfR/RYHpcMOnb4LcP","baseKeyType":2,"closed":-1,"used":1760003986224,"created":1760003986224,"remoteIdentityKey":"BSx2RS1Bs3XDQyj/30JBJ/qpDbHClbpxtZFbmXclNlQO"},"_chains":{"BeWSIRLE5YT91fdXtTR7n7g+OscrRBwHRUBMZBIcOiIV":{"chainKey":{"counter":0,"key":"B2ZB3XiUACdDJiSSe5Skph5MR0D8F2TN91Bsaz1dkFc="},"chainType":2,"messageKeys":{}},"BUaCiO26IZjSk2VSomNjpxVvpTpTmy8qF50ZZqXS25ht":{"chainKey":{"counter":-1,"key":"KVZfXmhDrGhZyjogCgLLDM/LWh2lVw4hErjSHQjj7iM="},"chainType":1,"messageKeys":{}}}}},"version":"v1"}