{"_sessions":{"BfQ0MejVqv4mJ6+uUXQ+RabQiq6VKg7UibnMbKyBZ3Ft":{"registrationId":1767548283,"currentRatchet":{"ephemeralKeyPair":{"pubKey":"BemmlJHNlw4Zd86Azowo7nUunziIRRiAye6AUhY31DES","privKey":"EJSGcJXtgDeHvPnkrEKzXrdlTvTU7l866PWOW7L59XE="},"lastRemoteEphemeralKey":"BRZnxbywbMhI0XKNAuIP76Lt3sN/DYblWFQZdP8beT5d","previousCounter":0,"rootKey":"F220ZevkCtksN2TtiIZoy3ctuLbF+tI/bLEMULr9OVw="},"indexInfo":{"baseKey":"BfQ0MejVqv4mJ6+uUXQ+RabQiq6VKg7UibnMbKyBZ3Ft","baseKeyType":2,"closed":-1,"used":1759913853072,"created":1759913853072,"remoteIdentityKey":"Ba8Ucy7ZxDRefeGhdfpH2nYBseLpKggtCsuNrgcwuL0K"},"_chains":{"BRZnxbywbMhI0XKNAuIP76Lt3sN/DYblWFQZdP8beT5d":{"chainKey":{"counter":0,"key":"O8KM0p7HgpHpdTCHyZiAuwmT00ENYb5ZmYB27PWDGhE="},"chainType":2,"messageKeys":{}},"BemmlJHNlw4Zd86Azowo7nUunziIRRiAye6AUhY31DES":{"chainKey":{"counter":-1,"key":"8N4vschy2TMFwt30u/LRJkR/3bIK4JvUOO7rXDaA+dk="},"chainType":1,"messageKeys":{}}}}},"version":"v1"}