{"_sessions":{"BcwsYShzYusentURyEkBJsXG+2Zf5ljdRkZ8TXq0D5lg":{"registrationId":2015354014,"currentRatchet":{"ephemeralKeyPair":{"pubKey":"BQgENTsHH0Lf4335YRViGxJd1p0TSQTuwd1dnCUBDgAJ","privKey":"kNoar7wGWBbxvTmzw/1zxmDdVpj11CrJDEe6/YTL/ng="},"lastRemoteEphemeralKey":"BaMUqqr0iQKkGqLj4D4MzWucycn25HdViEA3Z8hWjnUt","previousCounter":0,"rootKey":"jYpaqBp/cKUYdkJNskr9fZzEIT39L5ixL/FuNY+K6fE="},"indexInfo":{"baseKey":"BcwsYShzYusentURyEkBJsXG+2Zf5ljdRkZ8TXq0D5lg","baseKeyType":2,"closed":-1,"used":1760003930208,"created":1760003930208,"remoteIdentityKey":"BRU8xAsxMsweO1gNiVj7+/17l0y/WvOeUowMq5z264tj"},"_chains":{"BaMUqqr0iQKkGqLj4D4MzWucycn25HdViEA3Z8hWjnUt":{"chainKey":{"counter":25,"key":"wI+L28SZ3L3cLs1TEFJgrQ1uparBR0r9bLzvJtkhjnI="},"chainType":2,"messageKeys":{"0":"8zytzqfMI70cNIJlvzdAmcXWvc09ZYgkvHeRRn4usTU=","1":"q4/3XqbLSpyovtdrti9WInbtT0AFjV/PM2CT6WdA10w=","2":"zomiXLTibwpxXi65IBFGyJVfDQQwt7viYmeHibp1ic8=","3":"nQLEMEG8ododRTSNfA4OylU8DoiJH00z7Imr5CFACo8=","5":"eAOZUXcqh7NRkfruePyPVNPZLoTyFLIFCIBEbJIzvng=","6":"3eSw5UfzBET2p9JEoiw7ekMGOrm9hJz6vqPJ8MG3rmk=","9":"xcEJbk2zjb5QqDtby0IhboFAWLzcsdjLY8SxTU2y6Y0=","21":"XqfZPYySnPGqJVRQHU/0PLZuPPLOBukbJuVdR+VvjcE=","22":"HctxX7E6oU6YMrMqtO69bw1nM9cvbB9xWrJo+ntQJ9o="}},"BQgENTsHH0Lf4335YRViGxJd1p0TSQTuwd1dnCUBDgAJ":{"chainKey":{"counter":-1,"key":"O3w9cm6DMT1VNhZ412ZwHc/Q4cCKGB82lEe0EuABOzY="},"chainType":1,"messageKeys":{}}}}},"version":"v1"}