{"_sessions":{"BTbqDXL92Pbd8+MYDPKyV2RK9dxyY5RIwXm6jPU3eQ9f":{"registrationId":437811541,"currentRatchet":{"ephemeralKeyPair":{"pubKey":"BfjwpzmSkYxiyZut1+dA7Npm6chTOK2+Xs2hX0P6jwg7","privKey":"cPhep8W4Njqb9V6YANZkzIKrz6VgWf37Aik0jZrC3Wg="},"lastRemoteEphemeralKey":"BR1Qaxqr7m8vaZkAuCI5Zp0EHw+qvCWUGNEaacAqgWgY","previousCounter":0,"rootKey":"CQIe0VyqeBSehqrm03tDvSs59YqEA6if8uRMfSyFUvY="},"indexInfo":{"baseKey":"BTbqDXL92Pbd8+MYDPKyV2RK9dxyY5RIwXm6jPU3eQ9f","baseKeyType":2,"closed":-1,"used":1759913853149,"created":1759913853149,"remoteIdentityKey":"BejyqPdY4cIqmKMlQYS5tPx4Drv0nM8x4CeCwIJJBQFL"},"_chains":{"BR1Qaxqr7m8vaZkAuCI5Zp0EHw+qvCWUGNEaacAqgWgY":{"chainKey":{"counter":0,"key":"t5hI083inLv6F67dA7Y0C9x4LsiHwfcwNCTg5vDlMgs="},"chainType":2,"messageKeys":{}},"BfjwpzmSkYxiyZut1+dA7Npm6chTOK2+Xs2hX0P6jwg7":{"chainKey":{"counter":-1,"key":"DWe7Xo5v7eGQKgWTlNat+3LBhj1SUS3dyJHm9mL8YOE="},"chainType":1,"messageKeys":{}}}}},"version":"v1"}