{"_sessions":{"BYFwoeIEM0DapSqdbh1/uYhsDbVyRk9FMQTFIoaAp69r":{"registrationId":1702109665,"currentRatchet":{"ephemeralKeyPair":{"pubKey":"BeL9UKmbP/DDIy2wQfcVgydVjwj0QNy4XFs5Tb2jCp9X","privKey":"uBMrm2vczUGX/EIsgVnGQ/Zn1dONYln50xI1VDEhwUg="},"lastRemoteEphemeralKey":"BYzgvcZ6Tiohd+NJNw7+A2E57PRYryzL42/ATyJFfRwA","previousCounter":0,"rootKey":"No3kpX4ASzYitwR+40bLzsvYcJTFpB2HeDgYACc51Ds="},"indexInfo":{"baseKey":"BYFwoeIEM0DapSqdbh1/uYhsDbVyRk9FMQTFIoaAp69r","baseKeyType":2,"closed":-1,"used":1759913853126,"created":1759913853126,"remoteIdentityKey":"BV6+rZg7/ke8iI/o7tF3Tk/9oNqPmqRIJIyRlEmteBIW"},"_chains":{"BYzgvcZ6Tiohd+NJNw7+A2E57PRYryzL42/ATyJFfRwA":{"chainKey":{"counter":0,"key":"MVjDTUA5qsJIbCF5nUVfRkIIPdUl+EQ13iDm2hqlyew="},"chainType":2,"messageKeys":{}},"BeL9UKmbP/DDIy2wQfcVgydVjwj0QNy4XFs5Tb2jCp9X":{"chainKey":{"counter":-1,"key":"NlBIaVRpCcmm4RGtyycuUykSpXqPc+ovZf6FSwbz6fk="},"chainType":1,"messageKeys":{}}}}},"version":"v1"}