{"_sessions":{"Bfud2ClZlOzvea0ivQUQNjt8D3lT5OvGNx4ZugpFO/RI":{"registrationId":496882587,"currentRatchet":{"ephemeralKeyPair":{"pubKey":"BfWIHtLf6JwiByt5J2oGgS6+5nyvY2WGyjqYQXuCxGEt","privKey":"EEdI0WxEWpps7WRGkFunFHBan13vIoGEllck9Qor+Fk="},"lastRemoteEphemeralKey":"Bfujwyt/7wjEGtC8tQGXnQiGgHG4lQGSDNpALExwR5JY","previousCounter":0,"rootKey":"Ucsm0rOiMS+GHodTs50veC4FkktnOE2FOEad9sxmw8o="},"indexInfo":{"baseKey":"Bfud2ClZlOzvea0ivQUQNjt8D3lT5OvGNx4ZugpFO/RI","baseKeyType":2,"closed":-1,"used":1759913853124,"created":1759913853124,"remoteIdentityKey":"BfXpJFVLlWslknuOBdmcUAXfuUb+fVjZCHXMAYrHhTFP"},"_chains":{"Bfujwyt/7wjEGtC8tQGXnQiGgHG4lQGSDNpALExwR5JY":{"chainKey":{"counter":1,"key":"35hVYBdSPBdt+2MTrf6duKQ2NIWpu/HVQ+rXp49vONs="},"chainType":2,"messageKeys":{}},"BfWIHtLf6JwiByt5J2oGgS6+5nyvY2WGyjqYQXuCxGEt":{"chainKey":{"counter":-1,"key":"k0PBw27ZfoT/GHV5GIhp4m7TlwB2us64D15LF2T8p/w="},"chainType":1,"messageKeys":{}}}}},"version":"v1"}