{"_sessions":{"BQuT7kgFxu6MFlG6dpDv84YalkdZ0Gv7tkf2iTrAIrNg":{"registrationId":392001598,"currentRatchet":{"ephemeralKeyPair":{"pubKey":"BUprRHu3EkaaFoZbkPVVP3QjFa0JCaz5y2lq6iS+ZcMd","privKey":"2NC5em3dY+N/1FfDH6o2+ySKyUrkPETauPGS1PhRdFU="},"lastRemoteEphemeralKey":"BZnP5/zEJTUAQ6KKpnxUOFwxIuYIk4xrfnFYZN0eEIJz","previousCounter":0,"rootKey":"5xACKwqoCsxk6elJ3ZUmuxxdLzYOTv4sy0aVBqoC5d0="},"indexInfo":{"baseKey":"BQuT7kgFxu6MFlG6dpDv84YalkdZ0Gv7tkf2iTrAIrNg","baseKeyType":2,"closed":1759913883884,"used":1759913882591,"created":1759913882591,"remoteIdentityKey":"BYICh69Y7m1iouNxi+zVx9xerzDGRV+PLq04a1Q6bmNF"},"_chains":{"BZnP5/zEJTUAQ6KKpnxUOFwxIuYIk4xrfnFYZN0eEIJz":{"chainKey":{"counter":0,"key":"VzNPLZDntHIBHwSbIU7VKbSBUAsmVZ/rAIqeQySLUxY="},"chainType":2,"messageKeys":{}},"BUprRHu3EkaaFoZbkPVVP3QjFa0JCaz5y2lq6iS+ZcMd":{"chainKey":{"counter":-1,"key":"nxXzf8Fl2IK9vxVP0Ph8T6qvCqN7T7RG30t9i1KzYnY="},"chainType":1,"messageKeys":{}}}},"BQWISxpRzIes5EFwTqTHKWVmx34fZUcvK8hLcpp+Ggtx":{"registrationId":392001598,"currentRatchet":{"ephemeralKeyPair":{"pubKey":"BftJJjgEgbBzjx+NRRk3gOZiy6n2VJxxlZpVIPMWxOFA","privKey":"2DfAvwV6qwmgSi3lL5dsZdYlpex9ffjP5jzbknxJF3g="},"lastRemoteEphemeralKey":"BYZ4GfogD+FSgRvO4fBD6PtOqWpU9ta5R/UFo8mJq3Ek","previousCounter":0,"rootKey":"X5N0CJYBiGHxoPdK2bSb3J//WV7bdCcNJUsIddMjkLI="},"indexInfo":{"baseKey":"BQWISxpRzIes5EFwTqTHKWVmx34fZUcvK8hLcpp+Ggtx","baseKeyType":2,"closed":-1,"used":1759913883886,"created":1759913883886,"remoteIdentityKey":"BYICh69Y7m1iouNxi+zVx9xerzDGRV+PLq04a1Q6bmNF"},"_chains":{"BYZ4GfogD+FSgRvO4fBD6PtOqWpU9ta5R/UFo8mJq3Ek":{"chainKey":{"counter":2,"key":"iWjaxXOu/i/Ifmp+4rlJzyyRI0tIVtwasxWI848tDXQ="},"chainType":2,"messageKeys":{}},"BftJJjgEgbBzjx+NRRk3gOZiy6n2VJxxlZpVIPMWxOFA":{"chainKey":{"counter":-1,"key":"8xwr3hZN2VHztb1DEonKcpZNIRvVBrWgCOsj/L7iMmk="},"chainType":1,"messageKeys":{}}}}},"version":"v1"}